Date_ms;response_time_ms;rtd_no
22.301;10.648;1
25.048;2.77;1
35.976;3.517;1
44.695;3.653;1
55.825;3.572;1
66.581;3.492;1
75.183;3.565;1
86.155;3.503;1
94.661;3.474;1
105.636;3.522;1
116.71;3.686;1
125.222;3.561;1
136.188;3.553;1
144.639;3.618;1
155.58;3.666;1
166.649;3.653;1
175.084;3.474;1
186.32;3.678;1
196.35;3.635;1
206.327;3.689;1
216.349;3.626;1
226.112;3.556;1
234.67;3.525;1
244.636;3.62;1
255.907;3.703;1
266.001;3.75;1
274.739;3.653;1
284.567;3.508;1
295.722;3.53;1
305.576;3.524;1
316.897;3.719;1
326.877;3.683;1
336.84;3.653;1
346.721;3.55;1
356.687;3.602;1
364.829;3.465;1
376.514;3.578;1
385.916;3.51;1
395.532;3.556;1
405.097;3.554;1
414.752;3.657;1
425.476;3.548;1
434.935;3.593;1
444.465;3.433;1
456.056;3.345;1
465.323;3.458;1
475.892;3.45;1
485.195;3.466;1
494.667;3.578;1
505.295;3.544;1
516.019;3.582;1
526.521;3.559;1
535.874;3.522;1
545.05;3.389;1
555.572;3.496;1
564.999;3.488;1
575.665;3.584;1
586.095;3.487;1
596.444;3.376;1
604.414;3.272;1
615;3.543;1
625.392;3.423;1
635.831;3.416;1
645.137;3.405;1
654.461;3.413;1
664.991;3.483;1
675.609;3.492;1
686.544;3.593;1
695.009;3.517;1
704.795;3.6;1
715.74;3.569;1
726.55;3.48;1
734.778;3.33;1
745.46;3.396;1
755.109;3.508;1
764.588;3.459;1
775.53;3.51;1
785.035;3.479;1
794.469;3.397;1
806.339;3.452;1
814.616;3.424;1
825.43;3.525;1
836.459;3.538;1
846.136;3.431;1
854.604;3.447;1
865.572;3.558;1
876.445;3.504;1
886.164;3.594;1
894.644;3.421;1
905.76;3.529;1
915.538;3.484;1
926.873;3.859;1
936.605;3.45;1
945.184;3.569;1
956.418;3.712;1
966.401;3.72;1
976.434;3.729;1
984.571;3.497;1
996.17;3.375;1
1005.38;3.381;1
1015.76;3.344;1
1025.4;3.444;1
1036.52;3.497;1
1045.02;3.467;1
1056.12;3.564;1
1065.46;3.413;1
1075.06;3.486;1
1086.13;3.583;1
1094.78;3.582;1
1104.62;3.559;1
1115.78;3.674;1
1125.59;3.535;1
1136.5;3.558;1
1145;3.472;1
1155.96;3.42;1
1165.69;3.458;1
1176.84;3.74;1
1186.71;3.642;1
1196.55;3.55;1
1204.98;3.401;1
1216.09;3.569;1
1225.01;3.89;1
1235.7;3.157;1
1246.11;3.074;1
1255.18;3.047;1
1264.41;3.342;1
1276.41;3.547;1
1286.02;3.6;1
1295.86;3.732;1
1305.49;3.436;1
1315.55;3.813;1
1326.6;3.651;1
1335.12;3.568;1
1346.21;3.591;1
1356.11;3.627;1
1364.72;3.596;1
1374.5;3.483;1
1385.44;3.553;1
1395.05;3.436;1
1404.59;3.418;1
1415.47;3.51;1
1425.13;3.541;1
1435.95;3.45;1
1445.68;3.468;1
1456.42;3.471;1
1466.01;3.53;1
1475.57;3.541;1
1485.06;3.434;1
1494.58;3.448;1
1506.44;3.431;1
1515.95;3.482;1
1525.4;3.481;1
1534.88;3.437;1
1546.51;3.354;1
1556.07;3.53;1
1565.52;3.452;1
1574.94;3.378;1
1585.64;3.532;1
1596.25;3.408;1
1604.55;3.468;1
1616.29;3.372;1
1624.55;3.451;1
1635.22;3.366;1
1645.87;3.392;1
1655.49;3.563;1
1664.94;3.432;1
1675.7;3.513;1
1686.42;3.484;1
1695.87;3.332;1
1705.6;3.703;1
1716.55;3.751;1
1726.13;3.57;1
1734.53;3.492;1
1746.58;3.652;1
1755.1;3.64;1
1764.86;3.723;1
1775.82;3.679;1
1785.47;3.621;1
1795.15;3.542;1
1804.65;3.464;1
1815.59;3.648;1
1826.5;3.672;1
1835.09;3.633;1
1844.59;3.478;1
1855.24;3.429;1
1866;3.508;1
1875.62;3.511;1
1886.81;3.789;1
1896.58;3.522;1
1905.14;3.583;1
1916.17;3.696;1
1924.58;3.413;1
1935.53;3.533;1
1946.5;3.497;1
1954.98;3.501;1
1964.8;3.656;1
1975.63;3.579;1
1986.52;3.551;1
1995.08;3.596;1
2006.42;3.724;1
2014.68;3.527;1
2025.72;3.529;1
2036.64;3.572;1
2044.99;3.36;1
2056.16;3.605;1
2065.69;3.518;1
2076.71;3.537;1
2086.49;3.537;1
2095.07;3.535;1
2106.2;3.536;1
2114.84;3.582;1
2124.6;3.581;1
2135.54;3.54;1
2146.56;3.521;1
2154.92;3.455;1
2164.61;3.513;1
2175.56;3.487;1
2186.57;3.652;1
2195.21;3.573;1
2206.08;3.492;1
2215.6;3.423;1
2226.32;3.416;1
2235.83;3.402;1
2245.37;3.401;1
2255.06;3.461;1
2266.6;3.912;1
2274.75;3.288;1
2285.51;3.474;1
2296.35;3.416;1
2305.8;3.364;1
2315.36;3.435;1
2324.68;3.257;1
2335.51;3.491;1
2346.28;3.403;1
2360.45;9.273;1
2365.14;3.424;1
2374.41;3.232;1
2386.56;3.562;1
2394.96;3.505;1
2405.68;3.512;1
2416.35;3.448;1
2425.94;3.52;1
2435.55;3.531;1
2445.09;3.484;1
2454.43;3.254;1
2466.42;3.465;1
2476.05;3.51;1
2485.71;3.583;1
2496.43;3.488;1
2506.03;3.577;1
2515.72;3.644;1
2526.56;3.57;1
2534.96;3.47;1
2545.88;3.708;1
2555.53;3.622;1
2565.07;3.517;1
2574.52;3.403;1
2586.62;3.717;1
2594.91;3.422;1
2605.67;3.536;1
2616.36;3.452;1
2624.72;3.522;1
2635.52;3.49;1
2644.95;3.382;1
2654.59;3.535;1
2665.36;3.565;1
2676.05;3.435;1
2685.5;3.427;1
2694.98;3.398;1
2704.59;3.532;1
2715.31;3.465;1
2725.97;3.451;1
2735.56;3.467;1
2745.05;3.501;1
2754.71;3.51;1
2765.58;3.661;1
2776.34;3.51;1
2784.74;3.563;1
2795.61;3.591;1
2806.29;3.474;1
2816.3;3.844;1
2824.68;3.489;1
2836.7;3.581;1
2845.02;3.441;1
2854.81;3.631;1
2865.55;3.52;1
2876.57;3.606;1
2885.17;3.612;1
2895.07;3.563;1
2906.2;3.64;1
2916.34;3.775;1
2926.41;3.737;1
2936.06;3.532;1
2944.51;3.48;1
2955.79;3.818;1
2965.68;3.763;1
2976.45;3.463;1
2986.04;3.532;1
2995.67;3.528;1
3006.57;3.445;1
3016.42;3.306;1
3026.14;3.494;1
3034.59;3.512;1
3045.87;3.694;1
3055.65;3.467;1
3065.78;3.689;1
3074.34;3.328;1
3086.55;3.389;1
3094.86;3.385;1
3105.41;3.282;1
3114.88;3.307;1
3125.41;3.28;1
3135.82;3.264;1
3145.25;3.341;1
3155.83;3.265;1
3165.42;3.513;1
3176.01;3.413;1
3185.53;3.442;1
3196.18;3.355;1
3204.4;3.35;1
3216.35;3.425;1
3225.87;3.433;1
3235.51;3.53;1
3244.72;3.338;1
3256.56;3.523;1
3266.08;3.477;1
3276.07;3.694;1
3284.56;3.519;1
3295.41;3.464;1
3305.12;3.48;1
3316;3.513;1
3325.97;3.731;1
3335.72;3.477;1
3345.43;3.474;1
3355.28;3.68;1
3366.18;3.57;1
3374.55;3.394;1
3385.56;3.557;1
3396.43;3.495;1
3406.15;3.553;1
3414.8;3.579;1
3425.78;3.537;1
3435.57;3.51;1
3445.04;3.431;1
3454.56;3.368;1
3465.56;3.649;1
3476.41;3.507;1
3485.91;3.396;1
3495.57;3.586;1
3505.29;3.685;1
3516.26;3.674;1
3524.89;3.721;1
3535.64;3.479;1
3546.35;3.524;1
3554.75;3.576;1
3565.54;3.516;1
3575.1;3.512;1
3584.67;3.577;1
3595.49;3.477;1
3605.14;3.624;1
3614.72;3.527;1
3625.51;3.498;1
3635.12;3.428;1
3644.64;3.513;1
3655.36;3.49;1
3666.1;3.527;1
3675.56;3.465;1
3685.05;3.474;1
3694.7;3.511;1
3705.43;3.512;1
3715.06;3.502;1
3724.49;3.417;1
3736.26;3.367;1
3744.54;3.442;1
3756.44;3.483;1
3766.12;3.697;1
3775.55;3.375;1
3785.11;3.46;1
3794.56;3.378;1
3806.43;3.461;1
3815.85;3.379;1
3825.26;3.375;1
3835.84;3.346;1
3845.27;3.376;1
3855.95;3.421;1
3865.41;3.462;1
3874.8;3.329;1
3885.55;3.449;1
3896.25;3.395;1
3904.38;3.257;1
3916.29;3.323;1
3924.5;3.295;1
3936.37;3.327;1
3945.81;3.311;1
3955.14;3.281;1
3964.43;3.285;1
3976.15;3.196;1
3985.42;3.259;1
3995.11;3.605;1
4006.07;3.611;1
4015.48;3.395;1
4025.23;3.555;1
4035.55;3.319;1
4044.74;3.389;1
4056.54;3.538;1
4065.5;3.394;1
4074.66;3.356;1
4084.85;3.274;1
4096.44;3.337;1
4104.97;3.415;1
4115.23;3.379;1
4125.46;3.37;1
4135.78;3.34;1
4144.79;3.358;1
4156.25;3.425;1
4166.54;3.417;1
4174.42;3.317;1
4185.78;3.296;1
4194.86;3.337;1
4206.18;3.265;1
4216.58;3.488;1
4224.39;3.317;1
4235.88;3.377;1
4244.83;3.32;1
4256.34;3.465;1
4266.86;3.683;1
4276.11;3.474;1
4285.39;3.268;1
4295.32;3.3;1
4305.47;3.335;1
4314.52;3.349;1
4325.78;3.244;1
4334.87;3.366;1
4346.39;3.373;1
4355.49;3.42;1
4364.61;3.426;1
4374.92;3.432;1
4386.36;3.409;1
4396.36;3.229;1
4405.13;3.208;1
4415.23;3.312;1
4425.14;3.282;1
4435.2;3.257;1
4446.2;3.336;1
4456.3;3.357;1
4465.19;3.121;1
4476.56;3.379;1
4485.54;3.288;1
4495.66;3.263;1
4505.43;3.242;1
4514.14;3.11;1
4525.53;3.346;1
4534.44;3.282;1
4545.64;3.188;1
4555.71;3.267;1
4565.63;3.167;1
4575.71;3.274;1
4585.78;3.297;1
4594.86;3.305;1
4606.23;3.314;1
4616.33;3.309;1
4625.16;3.317;1
4635.19;3.216;1
4644.39;3.341;1
4655.87;3.279;1
4665.48;3.449;1
4675.92;3.327;1
4684.94;3.383;1
4696.55;3.334;1
4705.57;3.428;1
4715.8;3.365;1
4725.96;3.415;1
4736.3;3.467;1
4746.12;3.335;1
4755.17;3.378;1
4765.28;3.216;1
4776.48;3.254;1
4785.16;3.226;1
4795.17;3.23;1
4804.95;3.132;1
4814.91;3.17;1
4826.23;3.279;1
4834.71;3.159;1
4844.69;3.21;1
4856.14;3.305;1
4864.96;3.305;1
4876.07;3.174;1
4886.1;3.326;1
4895.98;3.139;1
4904.54;3.128;1
4915.74;3.243;1
4924.44;3.289;1
4935.71;3.308;1
4945.61;3.187;1
4954.45;3.364;1
4965.94;3.383;1
4974.52;3.122;1
4984.3;3.151;1
4995.26;3.124;1
5006.41;3.216;1
5016.15;4.121;1
5025.71;3.13;1
5034.43;3.273;1
5046.12;3.422;1
5055.16;3.296;1
5065.22;3.245;1
5075.38;3.378;1
5085.53;3.418;1
5095.73;3.204;1
5105.98;3.394;1
5115.34;3.456;1
5125.36;3.232;1
5135.36;3.273;1
5145.16;3.062;1
5156.36;3.288;1
5165.09;3.333;1
5176.44;3.435;1
5185.44;3.342;1
5194.41;3.313;1
5205.78;3.289;1
5214.67;3.216;1
5224.81;3.346;1
5236.47;3.459;1
5245.41;3.309;1
5254.56;3.252;1
5266.1;3.487;1
5275.61;3.491;1
5285.94;3.325;1
5294.68;3.141;1
5305.27;3.203;1
5316.23;3.485;1
5324.94;3.264;1
5336.43;3.391;1
5345.39;3.363;1
5354.43;3.271;1
5366.08;3.442;1
5375.1;3.283;1
5386.53;3.317;1
5394.36;3.31;1
5404.26;3.216;1
5414.31;3.252;1
5424.27;3.211;1
5434.55;3.436;1
5446.06;3.386;1
5454.92;3.219;1
5466.12;3.288;1
5475.82;3.032;1
5484.67;3.504;1
5496.41;3.508;1
5505.83;3.712;1
5515.07;3.47;1
5525.44;3.406;1
5534.65;3.465;1
5545.02;3.472;1
5555.56;3.423;1
5566.19;3.611;1
5575.54;3.36;1
5586.01;3.55;1
5596.71;3.554;1
5604.65;3.54;1
5615.46;3.569;1
5624.91;2.267;1
5635.51;3.454;1
5645.79;3.264;1
5654.76;3.336;1
5666.43;3.506;1
5675.4;3.306;1
5684.37;3.307;1
5695.91;3.308;1
5705;3.441;1
5716.65;3.511;1
5724.66;3.404;1
5734.91;3.253;1
5746.4;3.353;1
5755.4;3.356;1
5765.53;3.501;1
5775.86;3.378;1
5784.93;3.432;1
5795.17;3.342;1
5805.48;3.368;1
5815.86;3.339;1
5824.98;3.409;1
5836.56;3.462;1
5845.61;3.481;1
5855.89;3.428;1
5864.88;3.381;1
5876.38;3.426;1
5885.49;3.398;1
5894.97;3.439;1
5906.57;3.445;1
5914.48;3.324;1
5925.79;3.289;1
5934.9;3.274;1
5946.37;3.419;1
5955.65;3.485;1
5966.26;3.615;1
5975.11;3.325;1
5986.54;3.342;1
5994.42;3.337;1
6004.42;3.243;1
6015.89;3.346;1
6024.91;2.977;1
6036.08;3.268;1
6046.41;3.498;1
6055.52;3.443;1
6064.57;3.267;1
6074.8;3.34;1
6086.42;3.502;1
6095.69;3.321;1
6105.77;3.291;1
6114.78;3.373;1
6126.2;3.33;1
6136.49;3.448;1
6145.44;3.423;1
6154.57;3.36;1
6165.82;3.282;1
6175.17;3.648;1
6185.65;3.571;1
6195.85;3.316;1
6205.02;3.408;1
6216.52;3.372;1
6224.59;3.549;1
6235.15;3.475;1
6245.38;3.359;1
6254.47;3.385;1
6265.9;3.388;1
6275.04;3.44;1
6286.2;3.323;1
6296.36;3.365;1
6305.12;3.317;1
6316.39;3.353;1
6325.41;3.344;1
6335.51;3.309;1
6345.79;3.374;1
6355.03;3.477;1
6365.86;3.619;1
6374.76;3.075;1
6384.93;3.398;1
6396.49;3.295;1
6405.9;3.314;1
6415.04;3.326;1
6425.38;3.329;1
6434.35;3.286;1
6444.46;3.313;1
6455.72;3.155;1
6465.07;3.247;1
6475.53;3.338;1
6484.35;3.26;1
6494.43;3.23;1
6505.59;3.099;1
6515.77;3.323;1
6525.64;3.158;1
6535.69;3.262;1
6545.56;3.137;1
6555.47;3.287;1
6565.78;3.352;1
6574.81;3.245;1
6586.13;3.294;1
6596.37;3.246;1
6605.75;3.26;1
6615.07;3.374;1
6625.5;3.379;1
6635.73;3.335;1
6646.01;3.302;1
6655.18;3.256;1
6665.47;3.63;1
6674.56;3.473;1
6685.7;3.148;1
6695.9;3.318;1
6704.92;3.306;1
6716.35;3.46;1
6726.81;3.64;1
6735.86;3.358;1
6744.87;3.272;1
6756.01;3.222;1
6766.25;3.397;1
6776.71;3.666;1
6784.69;3.437;1
6795.16;3.447;1
6804.63;3.52;1
6815.24;3.476;1
6825.77;3.491;1
6834.91;3.274;1
6846.59;3.448;1
6854.47;3.296;1
6865.91;3.341;1
6875.09;3.487;1
6885.62;3.501;1
6896.26;3.513;1
6905.5;3.441;1
6916.24;3.452;1
6925.32;3.424;1
6934.8;3.578;1
6946.69;3.606;1
6954.65;3.469;1
6965.1;3.425;1
6975.56;3.49;1
6985.9;3.373;1
6995.2;3.443;1
7005.57;3.444;1
7015.98;3.402;1
7026.62;3.442;1
7034.73;3.381;1
7045.57;3.681;1
7056.07;3.421;1
7065.79;3.693;1
7075.46;3.553;1
7084.71;3.494;1
7095.66;3.435;1
7106.18;3.374;1
7116.93;3.704;1
7125.16;3.596;1
7134.61;3.537;1
7145.22;3.386;1
7155.49;3.39;1
7166;3.497;1
7176.58;3.667;1
7184.68;3.446;1
7195.11;3.376;1
7205.63;3.402;1
7216.2;3.5;1
7225.27;3.372;1
7234.56;3.434;1
7245.04;3.47;1
7255.56;3.502;1
7265.97;3.379;1
7275.34;3.379;1
7284.49;3.432;1
7295.27;3.783;1
7304.8;3.603;1
7316.47;3.417;1
7325.32;3.287;1
7336.31;3.284;1
7344.98;3.224;1
7356.41;3.248;1
7365.45;3.376;1
7374.57;3.416;1
7385.96;3.344;1
7395.17;3.406;1
7405.43;3.353;1
7414.48;3.356;1
7425.87;3.353;1
7434.8;3.382;1
7444.98;3.346;1
7456.35;3.33;1
7464.48;3.399;1
7475.87;3.303;1
7484.71;3.282;1
7495.07;3.378;1
7505.7;3.566;1
7516.1;3.449;1
7524.97;3.287;1
7536.42;3.347;1
7545.21;3.252;1
7555.31;3.399;1
7565.62;3.493;1
7575.76;3.274;1
7585.81;3.375;1
7594.97;3.399;1
7606.22;3.378;1
7616.36;3.456;1
7626.61;3.403;1
7635.62;3.382;1
7644.43;3.33;1
7655.81;3.391;1
7665.94;3.34;1
7675.01;3.391;1
7685.53;3.463;1
7695.88;3.499;1
7705.31;3.676;1
7714.54;3.435;1
7725.1;3.416;1
7735.64;3.5;1
7746.38;3.557;1
7756.05;3.551;1
7765.69;3.611;1
7776.06;3.44;1
7784.98;3.238;1
7795.41;3.395;1
7804.63;3.43;1
7814.98;3.388;1
7826.55;3.449;1
7834.38;3.358;1
7846.19;3.479;1
7855.49;3.443;1
7865.78;3.293;1
7874.87;3.3;1
7886.42;3.459;1
7896.59;3.39;1
7905.54;3.352;1
7915.73;3.323;1
7925.83;3.16;1
7935.36;3.46;1
7944.48;3.454;1
7955.86;3.436;1
7964.93;3.284;1
7976.17;3.291;1
7986.08;3.182;1
7994.69;3.206;1
8004.74;3.274;1
8016.19;3.383;1
8026.24;3.302;1
8035.12;3.272;1
8045.52;3.452;1
8055.84;3.389;1
8064.92;3.477;1
8075.09;3.217;1
8086.15;3.041;1
8094.46;3.23;1
8106.32;3.548;1
8115.59;3.44;1
8124.67;3.472;1
8134.99;3.362;1
8146.32;3.372;1
8156.7;3.43;1
8164.69;3.45;1
8176.59;3.623;1
8184.59;3.557;1
8195.03;3.384;1
8206.65;3.406;1
8214.76;3.421;1
8226.41;3.434;1
8235.65;3.549;1
8245.88;3.343;1
8255.52;3.571;1
8264.92;3.486;1
8275.25;3.368;1
8285.43;3.332;1
8295.71;3.292;1
8305.84;3.27;1
8314.92;3.375;1
8326.52;3.311;1
8335.51;3.372;1
8346.15;3.365;1
8355.28;3.392;1
8364.49;3.4;1
8375.78;3.221;1
8385.49;3.485;1
8396.42;3.583;1
8405.7;3.437;1
8416.26;3.479;1
8425.54;3.419;1
8436.23;3.568;1
8445.57;3.459;1
8456.11;3.482;1
8465.49;3.463;1
8476.05;3.396;1
8485.3;3.431;1
8494.66;3.518;1
8505.46;3.678;1
8515.88;3.38;1
8524.99;3.365;1
8536.66;3.469;1
8544.95;3.469;1
8555.41;3.328;1
8564.47;3.378;1
8576.13;3.421;1
8585.28;3.426;1
8594.73;3.492;1
8605.27;3.534;1
8614.47;3.389;1
8625.83;3.321;1
8634.8;3.222;1
8644.93;3.306;1
8656.34;3.302;1
8665.36;3.382;1
8674.4;3.313;1
8686.01;3.424;1
8695.35;3.356;1
8705.5;3.285;1
8714.48;3.265;1
8726.06;3.4;1
8735.36;3.459;1
8744.55;3.375;1
8755.24;3.555;1
8764.72;3.556;1
8776.54;3.472;1
8784.36;3.318;1
8795.9;3.34;1
8805.06;3.484;1
8815.51;3.302;1
8825.73;3.265;1
8834.78;3.298;1
8846.53;3.57;1
8854.73;3.682;1
8865.36;3.507;1
8874.67;3.431;1
8885.22;3.44;1
8894.65;3.438;1
8905.19;3.496;1
8914.57;3.535;1
8925.03;3.4;1
8935.67;3.472;1
8945.92;3.373;1
8955.25;3.556;1
8964.83;3.6;1
8976.34;3.243;1
8985.96;3.515;1
8996.53;3.54;1
9005.64;3.448;1
9016.09;3.504;1
9026.34;4.448;1
9035.52;3.124;1
9045.61;3.405;1
9056.16;3.484;1
9065.32;3.395;1
9074.34;3.26;1
9084.39;3.284;1
9095.91;3.399;1
9105.32;3.553;1
9115.56;3.398;1
9125.71;3.281;1
9135.79;3.238;1
9145.92;3.328;1
9155.05;3.297;1
9165.01;3.239;1
9176.68;3.572;1
9184.58;3.417;1
9195.04;3.349;1
9206.55;3.504;1
9214.57;3.485;1
9225;3.419;1
9235.54;3.483;1
9245.87;3.365;1
9255.06;3.403;1
9265.49;3.421;1
9274.46;3.268;1
9285.67;3.206;1
9294.5;3.323;1
9304.62;3.205;1
9315.87;3.384;1
9324.85;3.365;1
9336.41;3.577;1
9346.24;3.337;1
9355.93;3.476;1
9364.95;3.374;1
9376.28;3.216;1
9385.41;3.426;1
9394.75;3.343;1
9405.1;3.394;1
9415.68;3.49;1
9424.65;3.48;1
9435.11;3.49;1
9445.43;3.386;1
9454.51;3.404;1
9465.89;3.429;1
9474.94;3.306;1
9486.46;3.404;1
9494.5;3.371;1
9505.87;3.28;1
9515.28;3.539;1
9524.53;3.438;1
9536.04;3.333;1
9545.56;3.483;1
9555.76;3.339;1
9566.05;3.456;1
9575.16;3.36;1
9586.51;3.332;1
9595.43;3.29;1
9604.54;3.36;1
9616.2;3.68;1
9625.28;3.399;1
9635.46;3.431;1
9644.52;3.339;1
9655.85;3.365;1
9664.92;3.441;1
9675.23;3.461;1
9685.56;3.412;1
9695.98;3.454;1
9705.25;3.508;1
9715.63;3.424;1
9726.1;3.418;1
9735.61;3.39;1
9746;3.449;1
9755.22;3.404;1
9765.65;3.516;1
9775.96;3.362;1
9785.07;3.388;1
9795.43;3.382;1
9804.64;3.486;1
9814.9;3.346;1
9826.54;3.585;1
9835.51;3.474;1
9846.25;3.515;1
9855.48;3.3;1
9864.47;3.338;1
9875.85;3.314;1
9885.08;3.494;1
9895.67;3.503;1
9906.27;3.603;1
9915.34;3.295;1
9925.55;3.391;1
9935.94;3.384;1
9945.37;3.665;1
9954.62;3.511;1
9965.48;3.691;1
9974.77;3.457;1
9985.23;3.677;1
9995.61;3.433;1
10005.8;3.343;1
10015;3.474;1
10025.4;3.499;1
10035.4;3.39;1
10044.7;3.487;1
10055.1;3.497;1
10065.5;3.451;1
10074.5;3.353;1
10086;3.497;1
10096.5;3.451;1
10105.6;3.477;1
10116.1;3.446;1
10125.4;3.281;1
10134.5;3.41;1
10145.1;3.626;1
10154.8;3.625;1
10166.5;3.509;1
10175.7;3.505;1
10186.4;3.695;1
10194.7;3.488;1
10205.1;3.532;1
10215.7;3.616;1
10226.4;3.588;1
10234.5;3.439;1
10246;3.267;1
10255.2;3.392;1
10265.3;3.283;1
10275.5;3.362;1
10286;3.358;1
10295.2;3.343;1
10305.5;3.327;1
10315.8;3.35;1
10324.7;3.288;1
10334.8;3.302;1
10346.7;3.916;1
10355.6;3.246;1
10366.7;4.105;1
10376.4;3.466;1
10385.5;3.411;1
10395.9;3.479;1
10405.2;3.574;1
10414.7;3.621;1
10425.3;3.7;1
10436.1;3.571;1
10446.7;3.696;1
10454.9;3.586;1
10466.8;3.606;1
10476.2;3.572;1
10486.7;3.566;1
10496;3.558;1
10506.3;3.273;1
10515.5;3.467;1
10526;3.506;1
10536.6;3.503;1
10545.9;3.468;1
10555.2;3.477;1
10565.5;3.464;1
10576;3.498;1
10586.4;3.394;1
10595.8;3.549;1
10606.3;3.592;1
10615.8;3.437;1
10625.3;3.623;1
10634.7;3.599;1
10645.2;3.41;1
10655.7;3.431;1
10666.3;3.657;1
10675.6;3.55;1
10686;3.39;1
10696.5;3.451;1
10704.7;3.613;1
10716.4;3.514;1
10725.6;3.413;1
10736.1;3.528;1
10746.4;3.426;1
10754.8;3.778;1
10766.5;3.514;1
10775.8;3.503;1
10784.9;3.445;1
10795.3;3.498;1
10805.7;3.575;1
10816.2;3.46;1
10825.3;3.439;1
10835.7;3.51;1
10846.2;3.484;1
10855.1;3.406;1
10865.6;3.501;1
10876;3.332;1
10885.2;3.521;1
10894.8;3.762;1
10906.6;3.509;1
10914.9;3.471;1
10927.2;4.011;1
10935.5;3.721;1
10945.2;3.674;1
10955.8;3.607;1
10965;3.355;1
10976.6;3.447;1
10984.5;3.36;1
10995.8;3.328;1
11005.7;3.233;1
11015.6;3.214;1
11024.2;3.137;1
11034.3;3.102;1
11044.5;3.228;1
11055.8;3.241;1
11065.8;3.186;1
11075;3.464;1
11086.6;3.454;1
11095.1;3.442;1
11105.6;3.423;1
11116.1;3.473;1
11125.3;3.379;1
11134.4;3.389;1
11145.9;3.396;1
11155.1;3.368;1
11165.5;3.421;1
11174.6;3.443;1
11185.1;3.386;1
11195.7;3.531;1
11206.1;3.336;1
11215.4;3.432;1
11225.6;3.384;1
11235.9;3.292;1
11245.4;3.334;1
11256;3.426;1
11265.1;3.461;1
11275.6;3.394;1
11286;3.352;1
11295.6;3.31;1
11305.9;3.39;1
11315.1;3.245;1
11326.1;3.282;1
11335.8;3.171;1
11345;3.399;1
11359.3;6.128;1
11366.5;5.055;1
11375.5;3.347;1
11386.4;3.687;1
11394.9;3.607;1
11404.7;3.644;1
11415.8;3.728;1
11425.1;3.522;1
11435.5;3.453;1
11446.2;3.501;1
11455.6;3.487;1
11466;3.345;1
11475.5;3.39;1
11485.9;3.391;1
11495.7;3.538;1
11506.4;3.541;1
11514.6;3.58;1
11525.4;3.645;1
11536.2;3.473;1
11545.6;3.472;1
11555.9;3.25;1
11565;3.383;1
11576.5;3.466;1
11584.5;3.429;1
11596.1;3.509;1
11605.4;3.499;1
11614.8;3.471;1
11626.6;3.521;1
11634.6;3.525;1
11645.2;3.494;1
11654.7;3.527;1
11665.2;3.463;1
11675.7;3.477;1
11686.1;3.509;1
11695.7;3.683;1
11705.1;3.496;1
11714.6;3.538;1
11725.2;3.554;1
11734.5;3.425;1
11746.2;3.427;1
11755.5;3.487;1
11764.7;3.318;1
11775.3;3.623;1
11785.8;3.436;1
11795.1;3.56;1
11806.5;3.443;1
11814.4;3.347;1
11826.1;3.425;1
11835.3;3.43;1
11844.5;3.436;1
11855.1;3.384;1
11865.5;3.4;1
11875.8;3.403;1
11884.9;3.396;1
11896.4;3.349;1
11905.4;3.354;1
11915.8;3.395;1
11924.7;3.259;1
11934.9;3.327;1
11946.4;3.512;1
11955.5;3.41;1
11964.5;3.374;1
11975.8;3.267;1
11984.9;3.342;1
11996.3;3.248;1
12004.4;3.315;1
12014.9;3.284;1
12026.4;3.39;1
12036.6;3.379;1
12044.2;3.198;1
12054.5;3.357;1
12066;3.266;1
12075.1;3.311;1
12086.5;3.425;1
12095.7;3.564;1
12106;3.408;1
12115.1;3.381;1
12125.5;3.442;1
12136.2;3.608;1
12145.3;3.44;1
12154.6;3.44;1
12164.8;3.383;1
12176.5;3.412;1
12185.7;3.556;1
12195.9;3.218;1
12204.8;3.371;1
12216.6;3.471;1
12225.7;3.248;1
12236;3.366;1
12244.9;3.307;1
12256.3;3.414;1
12265.3;3.252;1
12275.5;3.481;1
12284.4;3.285;1
12295.8;3.177;1
12305.9;3.203;1
12314.7;3.226;1
12324.6;3.14;1
12334.7;3.149;1
12344.7;3.274;1
12356.1;3.239;1
12365;3.307;1
12376;3.302;1
12385.7;4.031;1
12396.2;3.329;1
12406.6;3.485;1
12414.6;3.491;1
12426;3.332;1
12435.2;3.438;1
12445.5;3.352;1
12455.8;3.303;1
12464.9;3.395;1
12476.7;3.494;1
12486.2;3.498;1
12495.6;3.617;1
12506.3;3.495;1
12515.4;3.327;1
12524.5;3.416;1
12534.8;3.355;1
12546.4;3.412;1
12554.5;3.423;1
12565.8;3.216;1
12575.4;3.317;1
12584.6;3.463;1
12595.3;3.459;1
12605.7;3.518;1
12615.1;3.487;1
12625.6;3.423;1
12636.2;3.475;1
12644.6;3.411;1
12655;3.295;1
12666.3;3.29;1
12675.4;3.36;1
12684.4;3.322;1
12696.2;3.558;1
12705.5;3.461;1
12714.5;3.363;1
12725.9;3.268;1
12735;3.245;1
12746.4;3.287;1
12755.8;3.356;1
12764.9;3.387;1
12776.3;3.357;1
12785.6;3.421;1
12795.9;3.213;1
12805.8;3.273;1
12815.9;3.311;1
12824.7;3.281;1
12835.3;3.523;1
12844.6;3.373;1
12855;3.344;1
12866.7;3.397;1
12874.3;3.248;1
12886.1;3.491;1
12895.2;3.303;1
12906.4;3.453;1
12915.4;3.29;1
12924.3;3.255;1
12934.9;3.482;1
12946.4;3.427;1
12955.5;3.397;1
12964.5;3.393;1
12975.9;3.327;1
12984.9;3.335;1
12996.4;3.303;1
13004.5;3.433;1
13014.9;3.234;1
13026.4;3.353;1
13036.1;3.876;1
13046.8;3.583;1
13056.3;3.574;1
13065.1;3.156;1
13075.5;3.278;1
13084.4;3.319;1
13094.8;3.343;1
13105;3.315;1
13116.6;3.535;1
13124.4;3.324;1
13136;3.385;1
13144.9;3.336;1
13156.4;3.274;1
13165.4;3.341;1
13175.6;3.339;1
13186;3.376;1
13195.6;3.461;1
13205.9;3.42;1
13215.4;3.496;1
13225.9;3.455;1
13235.5;3.536;1
13244.8;3.429;1
13255.2;2.149;1
13265.9;3.734;1
13275.4;3.423;1
13284.4;3.35;1
13295.8;3.178;1
13305.3;3.357;1
13315.5;3.552;1
13324.8;3.507;1
13336.6;3.534;1
13344.8;3.657;1
13356.7;3.471;1
13364.7;3.435;1
13376.7;3.653;1
13385.9;3.808;1
13395.1;3.33;1
13405.6;3.398;1
13416.1;3.408;1
13425.4;3.486;1
13434.6;3.471;1
13444.7;3.301;1
13456.2;3.331;1
13466.2;3.268;1
13476.3;3.335;1
13486.3;3.346;1
13496.5;3.289;1
13505.8;3.321;1
13515.8;3.377;1
13524.7;3.253;1
13534.7;3.291;1
13544.6;3.166;1
13554.6;3.199;1
13565.9;3.326;1
13574.7;3.227;1
13585.8;3.23;1
13594.6;3.229;1
13604.7;3.231;1
13614.7;3.218;1
13625.8;3.202;1
13635.7;3.193;1
13645.7;3.252;1
13655.8;3.26;1
13665.7;3.243;1
13675.7;3.224;1
13685.7;3.247;1
13694.9;3.339;1
13706.3;3.342;1
13716.3;3.407;1
13726.2;3.198;1
13735;3.173;1
13745;3.225;1
13755.1;3.176;1
13764.9;3.188;1
13776.1;3.214;1
13786.2;3.286;1
13796.6;3.376;1
13805.5;3.285;1
13814.4;3.2;1
13824.5;3.372;1
13836.1;3.478;1
13845.4;3.39;1
13854.5;3.426;1
13865.9;3.398;1
13876.5;3.486;1
13884.3;3.135;1
13895.4;3.251;1
13905.3;3.188;1
13915.3;3.249;1
13926.3;3.144;1
13935.1;3.143;1
13944.9;3.071;1
13954.5;2.965;1
13965.1;2.968;1
13975.8;2.973;1
13985;3.154;1
13994.8;3.082;1
14004.6;3.081;1
14014.7;3.159;1
14024.2;3.073;1
14035.2;3.156;1
14046.1;3.347;1
14055.3;3.28;1
14065.6;3.414;1
14075.8;3.268;1
14086.2;3.232;1
14096.4;3.252;1
14105.3;3.32;1
14115.5;3.368;1
14124.6;3.39;1
14135;3.464;1
14146.5;3.414;1
14155.5;3.384;1
14164.5;3.331;1
14174.3;3.106;1
14184.4;3.344;1
14196.2;3.461;1
14205.4;3.488;1
14215.4;3.151;1
14226.7;3.554;1
14235.5;3.494;1
14245.8;3.603;1
14255.2;3.392;1
14264.5;3.51;1
14275.2;3.557;1
14285.7;3.44;1
14295.2;3.528;1
14304.5;3.386;1
14316.4;3.519;1
14325.8;3.601;1
14335.3;3.582;1
14346;3.524;1
14356.7;3.579;1
14364.6;3.467;1
14375.1;3.544;1
14385.5;3.339;1
14396.4;4.543;1
14406.2;3.186;1
14414.3;3.241;1
14424.6;3.541;1
14435.3;3.32;1
14444.6;3.416;1
14454.7;3.247;1
14464.9;3.347;1
14476.6;3.411;1
14485.6;3.345;1
14495.9;3.316;1
14505;3.324;1
14516.4;3.368;1
14525.3;3.31;1
14534.6;3.477;1
14545;3.435;1
14555.5;3.347;1
14564.6;3.409;1
14575.1;3.395;1
14585.6;3.549;1
14595.9;3.251;1
14605.1;3.394;1
14615.6;3.485;1
14626;3.404;1
14635.4;3.561;1
14644.6;3.378;1
14655.1;3.427;1
14665.6;3.366;1
14675.9;3.356;1
14685;3.421;1
14695.6;3.288;1
14706;3.371;1
14715.4;3.252;1
14724.6;3.341;1
14734.8;3.293;1
14746.1;3.356;1
14756.4;3.3;1
14765.9;3.364;1
14775;3.307;1
14786.4;3.269;1
14795.5;3.378;1
14806;3.42;1
14815.1;3.315;1
14826.2;3.086;1
14835.2;3.31;1
14845.3;3.259;1
14855.5;3.299;1
14864.4;3.215;1
14875.9;3.367;1
14885.9;3.278;1
14894.7;3.185;1
14904.6;3.215;1
14915.7;3.162;1
14926.1;3.256;1
14935.5;3.484;1
14944.4;3.325;1
14954.7;3.381;1
14964.6;3.152;1
14974.6;3.195;1
14985.9;3.42;1
14996.2;3.305;1
15006.2;3.255;1
15016.4;3.427;1
15025.6;3.418;1
15035.5;3.111;1
15045.9;3.433;1
15054.8;3.163;1
15064.6;3.155;1
15074.7;3.228;1
15085.7;3.164;1
15095.8;3.204;1
15105.8;3.241;1
15115.8;3.197;1
15125.7;3.195;1
15135.8;3.265;1
15144.3;3.156;1
15155.4;3.201;1
15166.3;3.214;1
15175.2;3.377;1
15186.2;3.317;1
15195.1;3.441;1
15206.3;3.263;1
15215.3;3.276;1
15226.5;3.279;1
15235.3;3.299;1
15245.5;3.425;1
15254.7;3.491;1
15265.1;3.278;1
15274.8;3.754;1
15285.1;3.452;1
15295.6;3.442;1
15306;3.488;1
15314.9;3.366;1
15326.2;3.346;1
15336.8;3.599;1
15346;3.409;1
15356.4;3.44;1
15364.7;3.478;1
15375.2;3.449;1
15384.6;3.59;1
15395.4;3.599;1
15406.2;3.447;1
15416.1;3.27;1
15426.5;3.563;1
15435.8;3.615;1
15445.3;3.523;1
15454.9;3.472;1
15466.7;3.438;1
15474.6;3.366;1
15485;3.432;1
15495.6;3.475;1
15505.9;3.341;1
15514.9;3.407;1
15526.5;3.445;1
15535.5;3.376;1
15545.8;3.352;1
15554.9;3.34;1
15566.6;3.529;1
15574.6;3.544;1
15584.9;3.43;1
15596.6;3.432;1
15604.4;3.319;1
15615.9;3.389;1
15625.2;3.31;1
15635.5;3.295;1
15644.5;3.322;1
15654.9;3.3;1
15666.3;3.356;1
15676.6;3.393;1
15684.4;3.307;1
15695.9;3.257;1
15704.7;3.205;1
15714.7;3.284;1
15724.8;3.229;1
15736.5;3.353;1
15744.9;3.365;1
15756.1;3.185;1
15766.1;3.281;1
15776.1;3.277;1
15786.3;3.205;1
15795.1;3.25;1
15805.1;3.218;1
15815.3;3.349;1
15825.3;3.307;1
15835.5;3.26;1
15844.3;3.293;1
15855.4;3.256;1
15865.6;3.421;1
15875.9;3.318;1
15885;3.44;1
15896.6;3.494;1
15904.6;3.492;1
15915.2;3.447;1
15925.5;3.405;1
15934.5;3.353;1
15945.9;3.443;1
15956.4;3.434;1
15965.3;3.3;1
15974.3;3.217;1
15984.4;3.354;1
15994.5;3.335;1
16006;3.338;1
16014.3;2.24;1
16026;3.54;1
16035.3;3.325;1
16046.1;3.895;1
16056.6;3.374;1
16065;3.463;1
16076.5;3.377;1
16085.6;3.367;1
16096.1;3.416;1
16105.1;3.33;1
16115.5;3.282;1
16124.5;3.318;1
16136.1;3.361;1
16146.4;3.386;1
16156.6;3.421;1
16164.9;3.288;1
16174.9;3.345;1
16186.3;3.386;1
16195.6;3.548;1
16206.2;3.607;1
16215.9;3.616;1
16225.3;3.532;1
16234.7;3.438;1
16245.3;3.53;1
16255.6;3.344;1
16266;3.407;1
16275.1;3.341;1
16286.3;3.435;1
16296.5;3.464;1
16305.3;3.24;1
16316.5;3.415;1
16324.5;3.417;1
16335.8;3.383;1
16345.7;3.268;1
16355.8;3.398;1
16364.7;3.256;1
16374.7;3.289;1
16384.8;3.37;1
16396.7;3.518;1
16404.3;3.285;1
16416.6;3.56;1
16425.8;3.507;1
16435.1;3.223;1
16445.5;3.373;1
16455.9;3.323;1
16465.2;3.517;1
16474.8;3.731;1
16485;3.401;1
16495.5;3.41;1
16505.9;3.312;1
16515;3.294;1
16526.5;3.378;1
16536;3.356;1
16544.4;3.367;1
16554.9;3.321;1
16566.5;3.526;1
16575.6;3.413;1
16584.7;3.425;1
16596.5;3.391;1
16604.6;3.498;1
16615.1;3.387;1
16626.6;3.386;1
16634.8;3.641;1
16646.5;3.53;1
16655.5;3.44;1
16666;3.531;1
16675.4;3.497;1
16684.5;3.421;1
16695.2;3.605;1
16705.6;3.361;1
16715.9;3.235;1
16725.3;3.375;1
16735.5;3.323;1
16744.6;3.316;1
16754.9;3.335;1
16766.3;3.299;1
16774.7;3.503;1
16786.4;3.42;1
16795.5;3.384;1
16806.1;3.406;1
16815.2;3.392;1
16825.5;3.306;1
16836.2;3.564;1
16845.4;3.422;1
16855.9;3.64;1
16864.6;3.01;1
16875.8;3.336;1
16884.6;3.189;1
16894.8;3.297;1
16906.3;3.321;1
16916.6;3.406;1
16925.5;3.317;1
16934.3;3.238;1
16944.3;3.222;1
16954.3;3.173;1
16965.4;3.22;1
16975.3;3.224;1
16986.5;3.287;1
16995.1;3.209;1
17005.1;3.265;1
17016.2;3.379;1
17026.2;3.266;1
17036.2;3.232;1
17046.1;3.254;1
17055.9;3.081;1
17064.9;3.138;1
17076.2;3.349;1
17086.2;3.325;1
17094.8;3.252;1
17104.6;3.138;1
17115.8;3.189;1
17125.6;3.142;1
17134.2;3.104;1
17145.3;3.098;1
17156.4;3.211;1
17165;3.142;1
17174.7;3.101;1
17185.7;3.166;1
17194.2;3.087;1
17205.4;3.191;1
17215.2;3.087;1
17226.2;3.323;1
17236.3;3.199;1
17244.7;3.073;1
17254.6;3.145;1
17265.6;3.182;1
17274.2;3.079;1
17284.9;3.081;1
17296.4;3.384;1
17306.3;3.315;1
17316.6;3.442;1
17324.3;3.229;1
17334.3;3.212;1
17344.4;3.299;1
17355.9;3.371;1
17364.8;3.323;1
17376.2;3.333;1
17386.3;3.248;1
17396.5;3.334;1
17405.4;3.343;1
17414.3;3.193;1
17424.9;3.825;1
17434.7;3.177;1
17446.5;5.034;1
17456.6;3.494;1
17464.6;3.435;1
17475.2;3.556;1
17485.9;3.558;1
17495.1;3.373;1
17505.5;3.515;1
17516.2;3.553;1
17525.7;3.559;1
17535;3.311;1
17546.5;3.39;1
17554.8;3.354;1
17566.5;3.433;1
17574.7;3.476;1
17585.1;3.453;1
17595.6;3.459;1
17606;3.521;1
17615.5;3.381;1
17625.9;3.402;1
17635.2;3.408;1
17645.8;3.53;1
17655.1;3.444;1
17666.8;3.564;1
17674.9;2.165;1
17686.7;3.515;1
17696.4;3.588;1
17704.4;3.387;1
17715.9;3.328;1
17724.8;3.287;1
17736.4;3.37;1
17746.4;3.316;1
17755.5;3.403;1
17765.9;3.41;1
17774.9;3.3;1
17786.2;3.194;1
17795.2;3.347;1
17805.4;3.311;1
17814.6;3.478;1
17826;3.377;1
17835.3;3.39;1
17844.4;3.363;1
17855.8;3.293;1
17866.3;3.357;1
17875.4;3.373;1
17884.6;3.389;1
17894.8;3.345;1
17906.3;3.432;1
17916.5;3.445;1
17925.4;3.311;1
17935.3;3.191;1
17946.2;3.357;1
17956.1;3.391;1
17965.1;3.374;1
17975.6;3.422;1
17985.9;3.422;1
17994.9;3.273;1
18006.5;3.446;1
18014.3;3.266;1
18024.6;3.461;1
18034.9;3.39;1
18046.7;3.554;1
18057.2;3.308;1
18064.6;3.195;1
18074.6;3.226;1
18084.9;3.333;1
18096.4;3.369;1
18104.4;3.358;1
18115;3.369;1
18126.3;3.199;1
18134.4;3.27;1
18145.9;3.319;1
18154.9;3.35;1
18166.6;3.375;1
18175.9;3.182;1
18185.5;3.361;1
18195.9;3.341;1
18205.2;3.402;1
18215.3;3.282;1
18225.5;3.311;1
18234.4;3.265;1
18245.8;3.356;1
18255.9;3.197;1
18266;3.419;1
18274.3;3.235;1
18284.6;3.421;1
18294.9;3.316;1
18306.6;3.488;1
18314.6;3.369;1
18325.1;3.417;1
18336.6;3.432;1
18344.4;3.288;1
18355.9;3.22;1
18365;3.349;1
18376.5;3.359;1
18384.4;3.354;1
18396.1;3.404;1
18405.1;3.277;1
18415.3;3.273;1
18425.3;3.281;1
18434.3;3.241;1
18444.5;3.344;1
18455.7;3.265;1
18466.3;3.609;1
18474.6;3.55;1
18485.1;3.525;1
18495.6;3.494;1
18506.1;3.439;1
18515.9;3.786;1
18525.4;3.623;1
18534.8;3.484;1
18546.7;3.631;1
18556;3.366;1
18564.9;3.359;1
18575.4;3.501;1
18584.8;3.534;1
18596.2;3.34;1
18606.5;3.552;1
18614.6;3.535;1
18625.9;3.28;1
18634.8;3.297;1
18646.1;3.421;1
18655.1;3.249;1
18665.4;3.415;1
18675.6;3.449;1
18684.6;3.427;1
18695.2;3.415;1
18704.6;3.456;1
18715.2;3.487;1
18724.5;3.445;1
18734.9;3.454;1
18746.6;3.448;1
18754.7;3.415;1
18765.3;3.476;1
18774.7;3.464;1
18785.1;3.452;1
18795.7;3.588;1
18806.1;3.482;1
18815.4;3.435;1
18824.8;3.433;1
18836.8;3.704;1
18844.4;3.281;1
18854.4;3.246;1
18865.9;3.272;1
18876.4;3.359;1
18885.5;3.515;1
18896.3;3.642;1
18905.6;3.481;1
18915.9;3.396;1
18924.9;3.418;1
18936.6;3.504;1
18944.4;3.288;1
18956;3.532;1
18965;3.89;1
18974.8;3.78;1
18986.9;3.727;1
18996.4;3.674;1
19004.8;3.759;1
19015.9;3.773;1
19025.6;3.841;1
19036.5;3.807;1
19044.9;3.745;1
19054.8;3.61;1
19066.6;3.618;1
19076.3;3.824;1
19085.8;3.678;1
19095.2;3.474;1
19104.4;3.389;1
19116.6;3.733;1
19124.7;3.591;1
19136.4;3.492;1
19144.7;3.588;1
19156.9;3.697;1
19166.1;3.463;1
19175.5;3.606;1
19184.7;3.441;1
19196.7;3.585;1
19204.7;3.376;1
19215.3;3.44;1
19224.5;3.41;1
19236.1;3.498;1
19245.2;3.359;1
19254.6;3.465;1
19265.1;3.498;1
19275.6;3.346;1
19286.2;3.484;1
19295.4;3.501;1
19305.3;3.266;1
19316.3;3.174;1
19324.4;3.387;1
19334.4;3.304;1
19346;3.441;1
19354.9;3.399;1
19366.3;3.32;1
19376.4;3.397;1
19386.6;3.537;1
19395.5;3.402;1
19404.6;3.441;1
19415;3.35;1
19426.3;3.24;1
19435.1;3.292;1
19445.3;3.351;1
19455.3;3.465;1
19465.8;3.763;1
19474.6;3.162;1
19486.2;3.494;1
19495.5;3.47;1
19506.3;3.62;1
19515.7;3.503;1
19526.1;3.457;1
19535.2;3.307;1
19545.5;3.354;1
19555.8;3.205;1
19565.5;3.478;1
19576.3;3.566;1
19584.7;3.538;1
19596.9;3.678;1
19606.2;3.347;1
19616.5;3.404;1
19625.6;3.377;1
19636.3;3.623;1
19645.7;3.518;1
19655;3.418;1
19666.5;3.418;1
19674.7;3.581;1
19685.1;3.441;1
19695.6;3.475;1
19706.1;3.443;1
19715.7;3.475;1
19726.1;3.421;1
19735.6;3.411;1
19746.1;3.404;1
19754.5;3.316;1
19766;3.283;1
19775;3.345;1
19786.6;3.369;1
19795.6;3.413;1
19805.9;3.234;1
19814.6;3.203;1
19825.7;3.253;1
19834.3;3.247;1
19844.4;3.367;1
19854.5;3.345;1
19865.5;3.085;1
19874.5;3.441;1
19885.9;3.434;1
19895.9;3.245;1
19904.9;3.361;1
19916.3;3.551;1
19925.4;3.307;1
19935.6;3.305;1
19945.8;3.459;1
19954.7;3.293;1
19965;3.39;1
19975.2;3.332;1
19985.4;3.484;1
19995.5;3.419;1
20005.9;3.359;1
20014.9;3.21;1
20024.9;3.397;1
20035.5;3.446;1
20044.3;3.25;1
20055.8;3.341;1
20065.8;3.214;1
20075.8;3.334;1
20085.8;3.333;1
20094.8;3.258;1
20106.3;3.403;1
20116.5;3.411;1
20124.4;3.313;1
20134.6;3.388;1
20144.8;3.383;1
20156.3;3.328;1
20166.7;3.512;1
20175.9;3.364;1
20184.9;3.384;1
20196.5;3.503;1
20204.4;3.421;1
20214.9;3.346;1
20226.5;3.406;1
20235.4;3.243;1
20245.3;3.213;1
20255.4;3.331;1
20265.3;3.266;1
20274.5;3.386;1
20285.9;3.233;1
20294.8;3.295;1
20306.2;3.304;1
20315.9;3.07;1
20325.8;3.268;1
20336.3;3.348;1
20346.2;3.289;1
20356.1;3.234;1
20366.2;3.374;1
20376.3;3.406;1
20385.2;3.172;1
20395.2;3.175;1
20406.2;3.048;1
20415.3;3.295;1
20425.2;3.223;1
20435.2;3.23;1
20446.3;3.195;1
20455;3.145;1
20464.8;3.157;1
20475.8;3.3;1
20484.6;3.172;1
20494.9;3.256;1
20506.7;3.472;1
20514.6;3.374;1
20525.7;3.217;1
20535.9;3.277;1
20544.7;3.262;1
20554.7;3.154;1
20564.8;3.362;1
20576.2;3.341;1
20586.7;3.473;1
20595.8;3.362;1
20604.8;3.362;1
20616.3;3.356;1
20626.5;3.455;1
20635.4;3.26;1
20644.4;3.281;1
20655.8;3.342;1
20665.9;3.277;1
20674.6;3.168;1
20684.6;3.169;1
20694.9;3.313;1
20706.4;3.434;1
20715.4;3.377;1
20724.4;3.29;1
20735.9;3.367;1
20744.9;3.308;1
20756.4;3.298;1
20765.9;3.351;1
20774.6;3.086;1
20785.8;3.183;1
20795.8;3.134;1
20804.3;3.046;1
20815.3;3.098;1
20826.5;3.258;1
20835.4;3.286;1
20844.3;3.267;1
20854.2;3.161;1
20865.2;3.14;1
20875.4;3.237;1
20884.2;3.125;1
20895.5;3.386;1
20904.2;3.173;1
20914.2;3.14;1
20924.1;3.105;1
20934.4;3.276;1
20944.3;3.205;1
20955.4;3.171;1
20965.2;3.172;1
20976.4;3.202;1
20985.1;3.191;1
20995.1;3.209;1
21005.1;3.284;1
21015;3.166;1
21025;3.277;1
21035.4;3.37;1
21044.5;3.414;1
21055.9;3.215;1
21065.3;3.715;1
21074.6;3.404;1
21084.9;3.355;1
21096.4;3.418;1
21105.7;3.434;1
21115.9;3.246;1
21125.1;3.545;1
21136.5;3.418;1
21146;3.435;1
21155;3.373;1
21165.3;3.301;1
21175.5;3.394;1
21184.4;3.347;1
21196.1;3.365;1
21205.4;3.375;1
21214.3;3.212;1
21225.6;3.223;1
21234.4;3.245;1
21246;3.367;1
21255.1;3.336;1
21264.5;3.407;1
21274.8;3.363;1
21286.4;3.511;1
21296.6;3.615;1
21304.6;3.362;1
21315.1;3.33;1
21325.7;3.482;1
21335.9;3.307;1
21345.7;3.724;1
21354.9;3.443;1
21366.2;3.189;1
21374.4;3.271;1
21384.4;3.281;1
21394.2;3.135;1
21404.3;3.196;1
21414.3;3.173;1
21425.4;3.212;1
21435.4;3.372;1
21445.5;3.361;1
21454.4;3.182;1
21465.7;3.231;1
21475.6;3.201;1
21485.9;3.374;1
21495.1;3.308;1
21506.5;3.349;1
21514.6;3.442;1
21525.5;3.67;1
21536;3.423;1
21545.4;3.477;1
21554.8;3.507;1
21566.3;3.34;1
21575.5;3.415;1
21585.9;3.428;1
21595.1;3.29;1
21605.4;3.374;1
21614.7;3.525;1
21625;3.364;1
21636.5;3.437;1
21645.6;3.392;1
21655.9;3.285;1
21665.2;3.558;1
21675.8;3.418;1
21685.1;3.46;1
21695.4;3.235;1
21704.7;3.43;1
21716.7;3.498;1
21726;3.423;1
21736.6;3.515;1
21744.6;3.349;1
21755.1;3.402;1
21764.4;3.365;1
21776.2;3.436;1
21785.6;3.462;1
21796.1;3.381;1
21805.4;3.477;1
21814.7;3.506;1
21825.2;3.43;1
21835.6;3.417;1
21845.9;3.328;1
21855.4;3.358;1
21865.5;3.342;1
21875.3;3.199;1
21884.3;3.245;1
21895.9;3.524;1
21905.3;3.504;1
21914.8;3.523;1
21926.6;3.485;1
21934.7;3.387;1
21945.1;3.439;1
21955.5;3.4;1
21964.7;3.458;1
21976.4;3.522;1
21985.5;3.422;1
21995.9;3.457;1
22005.1;3.386;1
22016.6;3.448;1
22024.6;3.217;1
22035;3.37;1
22046.5;3.43;1
22054.6;3.479;1
22065.2;3.492;1
22074.4;3.247;1
22084.6;3.416;1
22095.1;3.414;1
22105.4;3.381;1
22115.9;3.404;1
22125.2;3.48;1
22135.7;3.499;1
22146.2;3.451;1
22155.4;3.381;1
22164.5;3.37;1
22175.1;3.443;1
22186.4;3.347;1
22194.5;3.466;1
22206.1;3.361;1
22215.4;3.526;1
22224.5;3.274;1
22236.1;3.477;1
22245.2;3.362;1
22254.6;3.426;1
22265;3.51;1
22275.6;3.384;1
22284.5;3.31;1
22295.6;3.177;1
22304.6;3.381;1
22315;3.497;1
22325.2;3.356;1
22334.4;3.363;1
22346.1;3.431;1
22355.1;3.392;1
22366.3;3.328;1
22375.4;3.373;1
22384.7;3.486;1
22395.1;3.489;1
22405.6;3.41;1
22416.1;3.574;1
22425.1;3.538;1
22435.6;3.524;1
22446;3.468;1
22455.5;3.46;1
22466;3.526;1
22476.3;3.447;1
22486.7;3.6;1
22496.4;3.457;1
22505.5;3.35;1
22516.4;3.719;1
22525.6;3.419;1
22534.7;3.524;1
22546.5;3.344;1
22554.6;3.471;1
22565;3.355;1
22576.6;3.367;1
22584.5;3.348;1
22595;3.374;1
22605.4;3.425;1
22614.6;3.415;1
22626.1;3.363;1
22635.4;3.534;1
22644.4;3.371;1
22656.2;3.587;1
22665.2;3.332;1
22675.7;3.427;1
22685.9;3.37;1
22695.6;3.377;1
22706.1;3.401;1
22715.4;3.388;1
22724.6;3.404;1
22734.9;3.304;1
22746.5;3.314;1
22754.5;3.33;1
22766.1;3.439;1
22775.3;3.399;1
22784.6;3.478;1
22794.9;3.371;1
22805.4;3.331;1
22814.4;3.259;1
22825.9;3.311;1
22835.4;3.364;1
22844.5;3.39;1
22854.9;3.333;1
22866.4;3.428;1
22875.4;3.37;1
22884.3;3.292;1
22895.9;3.462;1
22904.9;3.289;1
22916.7;3.539;1
22924.5;3.358;1
22935.3;3.735;1
22944.4;3.335;1
22955.9;3.355;1
22965.2;3.497;1
22974.4;3.331;1
22985.9;3.338;1
22995.1;3.38;1
23005.5;3.446;1
23014.4;3.26;1
23026;3.402;1
23035.1;3.285;1
23046.3;3.387;1
23056.4;3.324;1
23065.9;3.375;1
23074.6;3.179;1
23085.8;3.289;1
23094.8;3.271;1
23105;3.405;1
23116.6;3.469;1
23124.3;3.329;1
23135.5;3.37;1
23144.6;3.429;1
23154.9;3.347;1
23166.4;3.347;1
23175.5;3.348;1
23184.5;3.313;1
23195;3.438;1
23205.5;3.384;1
23216;3.308;1
23225.3;3.486;1
23235.6;3.446;1
23246.2;3.451;1
23256.5;3.403;1
23266.1;3.427;1
23275.4;3.426;1
23284.5;3.355;1
23296.1;3.325;1
23305;3.386;1
23316.7;3.508;1
23324.5;3.307;1
23335.9;3.408;1
23345.5;3.472;1
23355.6;3.403;1
23364.6;3.432;1
23374.8;3.396;1
23386.2;3.343;1
23396.3;3.273;1
23405.2;3.379;1
23416.6;3.431;1
23424.4;3.233;1
23435.9;3.345;1
23444.9;3.352;1
23455;3.359;1
23466.4;3.486;1
23475.5;3.394;1
23484.4;3.21;1
23494.4;3.288;1
23505.2;3.186;1
23515.2;3.098;1
23526.4;3.32;1
23535.4;3.286;1
23545.4;3.271;1
23555.7;3.291;1
23564.9;3.476;1
23576.6;3.482;1
23584.4;3.32;1
23595.8;3.209;1
23604.6;3.201;1
23614.9;3.355;1
23626.1;3.231;1
23634.8;3.204;1
23646.2;3.279;1
23656.3;3.376;1
23666.4;3.31;1
23675.4;3.225;1
23685.4;3.193;1
23695.5;3.294;1
23705.4;3.224;1
23714.4;3.228;1
23724.5;3.385;1
23736.1;3.511;1
23745.3;3.455;1
23754.5;3.394;1
23766.3;3.505;1
23775.6;3.392;1
23785.8;3.359;1
23795;3.461;1
23806.6;3.445;1
23814.6;3.51;1
23824.9;3.423;1
23836.6;3.374;1
23845;3.457;1
23855.6;3.44;1
23865.9;3.433;1
23875;3.331;1
23886.5;3.349;1
23895.6;3.447;1
23905.8;3.272;1
23916.4;3.368;1
23926.4;3.202;1
23935.3;3.184;1
23944.5;3.346;1
23956.1;3.446;1
23965.5;3.475;1
23976;3.386;1
23985.2;3.473;1
23995.5;3.372;1
24005.9;3.45;1
24015.2;3.41;1
24025.5;3.403;1
24034.4;3.184;1
24045.9;3.312;1
24055.3;3.401;1
24065.6;3.411;1
24077.3;3.401;1
24084.5;3.297;1
24095.9;3.165;1
24105.6;3.394;1
24115.8;3.284;1
24124.8;3.364;1
24136.2;3.246;1
24146.4;3.321;1
24155.6;3.413;1
24166;3.468;1
24175.2;3.338;1
24185.5;3.35;1
24195.8;3.263;1
24205;3.384;1
24216.6;3.386;1
24224.9;3.38;1
24236.4;3.308;1
24245.4;3.31;1
24255.8;3.318;1
24265.1;3.412;1
24275.5;3.412;1
24286;3.343;1
24295.3;3.384;1
24305.5;3.363;1
24314.4;3.187;1
24325.7;3.295;1
24334.3;3.107;1
24344.4;3.233;1
24354.3;3.099;1
24364.4;3.274;1
24375.9;3.427;1
24384.8;3.361;1
24396;3.401;1
24405;3.302;1
24416.4;3.371;1
24426.3;3.252;1
24435.2;3.307;1
24445.3;3.232;1
24454.3;3.218;1
24464.5;3.344;1
24476.2;3.605;1
24485.2;3.391;1
24495.4;3.481;1
24506.2;4.093;1
24514.6;3.167;1
24525.9;3.322;1
24535;3.335;1
24546.7;3.66;1
24556;3.524;1
24566.5;3.332;1
24576;3.434;1
24585.4;3.382;1
24594.6;3.387;1
24605.2;3.486;1
24615.6;3.497;1
24626;3.43;1
24635;3.301;1
24646.4;3.459;1
24655.3;3.305;1
24665.4;3.26;1
24674.2;3.156;1
24684.4;3.301;1
24694.5;3.251;1
24706.1;3.444;1
24715.1;3.287;1
24725.4;3.452;1
24734.4;3.23;1
24746;3.528;1
24755.4;3.37;1
24764.2;3.074;1
24775.5;3.274;1
24784.3;3.224;1
24794.4;3.231;1
24804.4;3.26;1
24814.3;3.242;1
24824.3;3.258;1
24836;3.455;1
24844.9;3.22;1
24856.5;3.305;1
24864.8;3.33;1
24876.4;3.328;1
24885.2;3.22;1
24895.4;3.261;1
24905.4;3.261;1
24915.4;3.214;1
24924.3;3.182;1
24935.6;3.406;1
24944.4;3.19;1
24954.3;3.221;1
24964.5;3.318;1
24974.7;3.271;1
24984.8;3.261;1
24996.2;3.341;1
25006.1;3.197;1
25016.3;3.44;1
25026.4;3.227;1
25035.4;3.32;1
25044.4;3.262;1
25054.4;3.202;1
25065.9;3.376;1
25075.3;3.692;1
25085.3;3.132;1
25095.4;3.311;1
25105.5;3.263;1
25114.9;3.392;1
25126.3;3.399;1
25136.3;3.312;1
25146.7;3.489;1
25154.7;3.404;1
25164.5;3.009;1
25175.4;2.996;1
25185.4;3.158;1
25195.3;3.196;1
25205.2;3.187;1
25215.2;3.089;1
25226.2;3.285;1
25236;3.258;1
25245.2;3.342;1
25255.3;3.191;1
25266.3;3.183;1
25274.4;3.192;1
25284.5;3.331;1
25294.7;3.304;1
25305.7;3.198;1
25316.2;3.236;1
25326.4;3.439;1
25335.3;3.225;1
25346.6;3.44;1
25354.6;3.447;1
25366.1;3.522;1
25375;3.193;1
25385;3.307;1
25396.5;3.292;1
25404.7;3.176;1
25414.6;3.126;1
25425.9;3.226;1
25435.9;3.282;1
25446.1;3.432;1
25454.6;3.177;1
25465.6;3.203;1
25474.3;3.191;1
25484.6;3.481;1
25495.6;3.167;1
25504.2;3.212;1
25515.6;3.478;1
25526.2;3.799;1
25536.3;3.387;1
25546.5;3.499;1
25554.8;3.702;1
25565.5;3.46;1
25576.2;3.54;1
25585.6;3.454;1
25596.2;3.586;1
25605.5;3.415;1
25616.2;3.516;1
25624.4;3.383;1
25635.9;3.344;1
25645.2;3.407;1
25655.5;3.292;1
25665.8;3.378;1
25675.1;3.413;1
25686.5;3.399;1
25694.4;3.319;1
25704.6;3.384;1
25714.8;3.335;1
25726.4;3.432;1
25735.6;3.399;1
25746;3.533;1
25756.3;3.46;1
25765.6;3.538;1
25775.7;3.254;1
25784.9;3.369;1
25794.9;3.304;1
25806.5;3.454;1
25815.6;3.355;1
25824.5;3.328;1
25834.8;3.352;1
25844.8;3.24;1
25854.9;3.368;1
25866.4;3.389;1
25876.4;3.367;1
25885.6;3.437;1
25896;3.296;1
25905;3.393;1
25916.6;3.417;1
25925.8;3.379;1
25935;3.347;1
25946.5;3.319;1
25955.5;3.335;1
25964.4;3.326;1
25975.8;3.336;1
25984.8;3.408;1
25996.5;3.334;1
26004.4;3.364;1
26015.7;3.303;1
26025.9;3.306;1
26035.2;3.237;1
26045.3;3.297;1
26054.4;3.337;1
26065.8;3.359;1
26075.1;3.389;1
26086.4;3.223;1
26094.4;3.254;1
26104.8;2.11;1
26115;3.455;1
26126.6;3.503;1
26134.5;3.409;1
26144.7;3.202;1
26154.7;3.352;1
26164.9;3.277;1
26176.5;3.321;1
26184.4;3.381;1
26195.8;3.264;1
26206.1;3.199;1
26216.4;3.338;1
26225.4;3.284;1
26234.4;3.316;1
26245.9;3.294;1
26254.9;3.309;1
26266.4;3.363;1
26275.6;3.435;1
26284.1;3.087;1
26295.1;3.107;1
26306.3;3.325;1
26314.4;3.326;1
26324.4;3.316;1
26334.4;3.277;1
26345.4;3.242;1
26354.4;3.205;1
26364.4;3.374;1
26374.2;3.099;1
26385.5;3.358;1
26395.4;3.264;1
26405.3;3.253;1
26416.6;3.359;1
26424.3;3.308;1
26434.8;3.487;1
26444.9;3.408;1
26456.3;3.533;1
26465.3;3.491;1
26475.7;3.381;1
26485.8;3.361;1
26495;3.324;1
26506.4;3.526;1
26515.6;3.51;1
26526;3.478;1
26536.2;3.466;1
26545.4;3.366;1
26555.1;3.626;1
26565.9;3.614;1
26575.4;3.529;1
26584.9;3.549;1
26596.8;3.496;1
26606.1;3.474;1
26615.5;3.531;1
26624.7;3.504;1
26636.6;3.583;1
26644.7;3.372;1
26656.8;3.61;1
26666.5;3.525;1
26675.7;3.432;1
26685.9;3.278;1
26695;3.326;1
26705.4;3.413;1
26714.8;3.49;1
26726.7;3.57;1
26735.9;3.396;1
26745;3.365;1
26755.6;3.452;1
26764.6;3.365;1
26776;3.439;1
26785.3;3.546;1
26795.6;3.439;1
26805.8;3.237;1
26814.9;3.347;1
26826.2;3.321;1
26836.3;3.245;1
26844.9;3.13;1
26856.3;3.324;1
26865.5;3.375;1
26874.6;3.43;1
26884.7;3.224;1
26894.8;3.273;1
26906.3;3.484;1
26915.4;3.371;1
26925.9;3.443;1
26936.5;3.583;1
26945.5;3.474;1
26955.7;3.222;1
26965.9;3.423;1
26974.7;3.246;1
26984.8;3.279;1
26996.3;3.415;1
27006.4;3.29;1
27015.4;3.33;1
27025.5;3.38;1
27034.7;3.346;1
27044.9;3.295;1
27055.8;2.977;1
27064.6;3.179;1
27074.7;3.257;1
27084.8;3.33;1
27096.3;3.27;1
27105.9;3.422;1
27116.7;3.519;1
27124.7;3.401;1
27136.5;3.474;1
27144.7;3.555;1
27156.7;3.49;1
27165.2;3.559;1
27175.7;3.387;1
27186.2;3.491;1
27195.6;3.4;1
27205.9;3.336;1
27215.2;3.476;1
27225.7;3.489;1
27236.4;3.625;1
27245.5;3.384;1
27254.7;3.43;1
27265.2;3.568;1
27275.7;3.446;1
27284.8;3.347;1
27296.6;3.506;1
27304.8;3.519;1
27316.8;3.689;1
27326.1;3.507;1
27335.6;3.583;1
27346;3.423;1
27355.1;3.398;1
27365.6;3.48;1
27375.8;3.291;1
27386;3.417;1
27395;3.319;1
27406.4;3.414;1
27415.4;3.321;1
27424.5;3.214;1
27435.9;3.408;1
27445.1;3.418;1
27456.7;3.488;1
27464.8;3.397;1
27476.5;3.346;1
27484.4;3.381;1
27495.6;3.173;1
27505.7;3.175;1
27514.5;3.268;1
27525.7;3.245;1
27535.9;3.282;1
27545.2;3.168;1
27555.2;3.131;1
27566.2;3.296;1
27576.2;3.369;1
27586.4;3.25;1
27595.9;3.411;1
27605;3.372;1
27615.7;3.6;1
27626;3.415;1
27635.1;3.302;1
27646.6;3.489;1
27654.5;3.341;1
27666.1;3.327;1
27676.6;3.443;1
27684.3;3.301;1
27696;3.367;1
27704.8;3.263;1
27716.4;3.542;1
27726.7;3.525;1
27734.9;3.405;1
27745.4;3.376;1
27755.7;3.246;1
27765;3.362;1
27776.4;3.399;1
27786.6;3.498;1
27794.7;3.402;1
27805;3.343;1
27816.7;3.537;1
27825.9;3.284;1
27834.7;3.194;1
27844.8;3.429;1
27854.7;3.136;1
27865.6;3.16;1
27874.2;3.169;1
27885.1;3.166;1
27894.9;3.118;1
27904.5;3.07;1
27915.5;3.315;1
27925.2;3.197;1
27936.2;3.202;1
27945.8;3.14;1
27954.7;3.039;1
27965.6;3.192;1
27974.3;3.191;1
27985.2;3.245;1
27995.1;3.185;1
28004.8;3.139;1
28015.6;3.137;1
28025.2;3.038;1
28035.8;2.92;1
28045.9;3.179;1
28056;3.212;1
28064.8;3.22;1
28074.8;3.197;1
28087.8;3.464;1
28094.9;3.259;1
28106.8;3.629;1
28116.1;3.332;1
28124.6;3.116;1
28135.7;3.249;1
28145.6;3.221;1
28155.6;3.134;1
28164.3;3.241;1
28174.2;3.156;1
28185.1;3.142;1
28194.7;3.093;1
28205.4;3.01;1
28216.2;3.154;1
28224.7;3.129;1
28235.5;3.047;1
28245.2;3.102;1
28256.1;3.045;1
28264.5;3.013;1
28275.3;3.108;1
28286.3;3.177;1
28294.8;3.072;1
28304.5;3.147;1
28315.5;3.177;1
28326.4;3.125;1
28334.8;2.979;1
28345.4;3.025;1
28356.1;3.057;1
28364.8;2.97;1
28375.6;3.186;1
28385.1;3.007;1
28395.8;3.117;1
28404.2;3.031;1
28414.1;3.086;1
28425.2;3.223;1
28434.9;3.155;1
28444.5;3.018;1
28454.4;3.187;1
28465.5;3.331;1
28475.3;3.187;1
28485.2;3.136;1
28496.4;3.257;1
28505.1;3.299;1
28515.2;3.357;1
28525;3.173;1
28535;3.324;1
28544.4;2.997;1
28554.9;3.145;1
28565.2;3.21;1
28576.2;3.128;1
28584.7;3.028;1
28595.6;3.2;1
28605.7;3.26;1
28615.9;3.365;1
28625.7;3.221;1
28635.6;3.071;1
28644.4;3.203;1
28655.6;3.126;1
28664.3;3.246;1
28674.4;3.4;1
28684.3;3.227;1
28695.5;3.292;1
28705.3;3.143;1
28716.4;3.187;1
28725.3;3.453;1
28735.3;3.116;1
28745.3;3.227;1
28754.4;3.196;1
28766;3.479;1
28775.5;3.436;1
28784.8;3.521;1
28796.5;3.503;1
28805.5;3.419;1
28816.1;3.548;1
28825.3;3.325;1
28835.5;3.377;1
28844.6;3.391;1
28855.5;3.118;1
28864.4;3.288;1
28874.4;3.203;1
28884.5;3.251;1
28896.3;3.515;1
28906.8;3.586;1
28916;3.418;1
28925.1;3.42;1
28936.9;3.693;1
28946.2;3.382;1
28955.8;3.727;1
28964.8;3.426;1
28976.5;3.517;1
28985.5;3.314;1
28995.9;3.303;1
29005;3.365;1
29016.5;3.395;1
29025.7;3.641;1
29036;3.4;1
29044.9;3.225;1
29056.6;3.581;1
29065.8;3.56;1
29075;3.448;1
29086.7;3.627;1
29094.5;3.292;1
29105.9;3.308;1
29115;3.442;1
29125.4;3.352;1
29134.6;3.361;1
29145;3.412;1
29156.7;3.406;1
29165.1;3.441;1
29176.8;3.569;1
29185.8;3.316;1
29195;3.408;1
29205.4;3.352;1
29214.6;3.393;1
29225;3.349;1
29235.5;3.454;1
29244.9;3.5;1
29256.7;3.529;1
29264.5;3.355;1
29275;3.406;1
29285.7;3.543;1
29295.2;3.424;1
29305.7;3.451;1
29316.3;3.522;1
29325.6;3.502;1
29336.2;3.48;1
29345.4;3.372;1
29354.7;3.452;1
29365.4;3.614;1
29374.8;3.425;1
29386.4;3.47;1
29395.6;3.412;1
29406.1;3.42;1
29414.5;3.385;1
29424.9;3.448;1
29436.7;3.524;1
29446.2;3.527;1
29455.4;3.363;1
29464.5;3.358;1
29475;3.424;1
29485.4;3.421;1
29495.9;3.215;1
29505.4;3.495;1
29514.9;3.689;1
29526.8;3.483;1
29536.3;3.453;1
29545.5;3.35;1
29555.8;3.252;1
29564.6;3.556;1
29575.7;3.396;1
29586.4;3.765;1
29595.6;3.262;1
29606.5;3.652;1
29614.7;3.501;1
29626.8;3.528;1
29636.5;3.485;1
29644.7;3.419;1
29656.5;3.482;1
29665.8;3.523;1
29675;3.378;1
29686.8;3.602;1
29696.1;3.416;1
29704.8;3.606;1
29715.7;3.577;1
29725.5;3.646;1
29736.3;3.587;1
29745.9;3.61;1
29755.5;3.642;1
29766.5;3.613;1
29774.8;3.687;1
29785.9;3.757;1
29795.4;3.478;1
29806.1;3.571;1
29815.7;3.567;1
29826.5;3.654;1
29834.8;3.711;1
29845.8;3.647;1
29855.1;3.42;1
29865.8;3.677;1
29875.6;3.551;1
29886.6;3.701;1
29895.9;3.617;1
29905.5;3.673;1
29916.7;3.804;1
29925.4;3.747;1
29936.6;3.739;1
29945.2;3.605;1
29955.8;3.466;1
29965.2;3.515;1
29974.5;3.441;1
29986.4;3.617;1
29994.5;3.463;1
30006.4;3.575;1
30015.8;3.595;1
30025;3.412;1
30035.6;3.489;1
30046.1;3.533;1
30055.7;3.644;1
30065.2;3.53;1
30074.9;3.682;1
30085.6;3.563;1
30096.1;3.405;1
30104.6;3.462;1
30115.1;3.393;1
30126.7;3.483;1
30135.9;3.388;1
30145;3.452;1
30155.5;3.664;1
30166.2;3.478;1
30175.6;3.582;1
30186.6;3.694;1
30196.1;3.478;1
30205.6;3.499;1
30216.3;3.436;1
30225.8;3.581;1
30235.4;3.581;1
30246.1;3.456;1
30255.8;3.738;1
30265.5;3.635;1
30276.6;3.763;1
30286.3;3.685;1
30295.7;3.543;1
30305.8;3.308;1
30314.9;3.456;1
30326.4;3.612;1
30334.4;3.406;1
30345.8;3.404;1
30354.9;3.419;1
30366.6;3.584;1
30375.8;3.432;1
30386;3.464;1
30395.2;3.415;1
30405.5;3.434;1
30415.8;3.35;1
30425.1;3.428;1
30435.5;3.383;1
30445.9;3.386;1
30455;3.428;1
30466.4;3.388;1
30474.6;3.441;1
30485;3.393;1
30496.6;3.46;1
30504.8;3.403;1
30515.6;3.502;1
30526.2;3.47;1
30535.7;3.463;1
30545.2;3.542;1
30554.6;3.505;1
30565.2;3.526;1
30574.6;3.479;1
30585.6;3.353;1
30596.3;3.443;1
30605.8;3.749;1
30615.2;3.486;1
30626;3.642;1
30635.9;3.733;1
30645.8;3.661;1
30655.7;3.757;1
30666.7;3.791;1
30675;3.554;1
30684.8;3.725;1
30695.7;3.588;1
30706.5;3.612;1
30714.6;3.569;1
30725.1;3.454;1
30735.8;3.615;1
30745;3.481;1
30756.6;3.441;1
30764.6;3.49;1
30775.3;3.546;1
30785.2;3.742;1
30796.1;3.616;1
30805.7;3.579;1
30815.2;3.5;1
30824.7;3.519;1
30836.5;3.519;1
30844.6;3.459;1
30855.1;3.44;1
30865.7;3.542;1
30876.2;3.415;1
30884.6;3.45;1
30895.1;3.462;1
30906.6;3.415;1
30914.6;3.375;1
30924.9;3.365;1
30935.6;3.556;1
30946;3.415;1
30955.3;3.321;1
30965.6;3.488;1
30975.8;3.23;1
30985.4;3.484;1
30994.6;3.435;1
31005;3.425;1
31015.5;3.46;1
31026;3.446;1
31035.7;3.741;1
31046.7;3.661;1
31054.7;3.534;1
31065.3;3.51;1
31074.6;3.461;1
31084.8;3.331;1
31096.2;3.402;1
31106;3.057;1
31116.5;3.489;1
31125.8;3.38;1
31135;3.444;1
31146.3;3.297;1
31155.9;3.441;1
31164.8;3.264;1
31174.7;3.185;1
31185;3.473;1
31195.7;3.46;1
31206;3.413;1
31215.1;3.344;1
31225.6;3.545;1
31236;3.366;1
31245;3.363;1
31256.5;3.377;1
31266;3.385;1
31275.1;3.35;1
31287;3.761;1
31296.2;3.54;1
31305.4;3.518;1
31314.4;3.371;1
31324.8;2.212;1
31336.3;3.481;1
31345.4;3.371;1
31355.6;3.389;1
31366;3.407;1
31375.2;3.38;1
31385.5;3.315;1
31394.4;3.289;1
31404.4;3.297;1
31415.7;3.274;1
31425.6;3.218;1
31435.8;3.297;1
31444.8;3.35;1
31456.2;3.323;1
31466.5;3.41;1
31475.9;3.368;1
31485.1;3.466;1
31495.6;3.414;1
31506;3.457;1
31514.8;3.152;1
31524.9;3.241;1
31536.3;3.303;1
31546.4;3.295;1
31555.1;3.153;1
31565.2;3.255;1
31575.2;3.161;1
31586.5;3.323;1
31596.3;3.372;1
31604.6;3.175;1
31616.3;3.363;1
31626.3;3.355;1
31636.4;3.268;1
31645;3.239;1
31656;3.098;1
31664.5;3.012;1
31674.1;3.077;1
31684.8;3.087;1
31695.6;3.135;1
31705.2;3.131;1
31716.4;3.224;1
31724.7;3.07;1
31734.7;3.262;1
31745.7;3.221;1
31754.3;3.215;1
31765.3;3.17;1
31776.3;3.231;1
31785;3.217;1
31796.2;3.198;1
31806;3.264;1
31814.6;3.173;1
31825.6;3.252;1
31834.3;3.258;1
31845;3.048;1
31855.8;3.101;1
31864.8;3.125;1
31875.7;3.234;1
31885.4;3.225;1
31896.2;3.125;1
31905.1;3.161;1
31915.8;3.158;1
31925.7;3.314;1
31935.7;3.341;1
31945.6;3.232;1
31955.7;3.285;1
31964.5;3.363;1
31975.7;3.275;1
31984.4;3.273;1
31994.3;3.259;1
32005.6;3.405;1
32014.3;3.208;1
32024.3;2.119;1
32035.4;3.331;1
32044.4;3.316;1
32054.3;3.26;1
32065.6;3.444;1
32075.8;3.243;1
32085.5;3.548;1
32096.2;3.356;1
32104.6;3.417;1
32115.3;3.498;1
32124.8;3.642;1
32136.8;3.692;1
32146.4;3.588;1
32155.6;3.344;1
32165.9;3.344;1
32175.6;3.538;1
32186.2;3.57;1
32195.9;3.808;1
32205.3;3.513;1
32215;3.681;1
32225.8;3.593;1
32235.7;3.829;1
32246.6;3.682;1
32256;3.543;1
32265.6;3.587;1
32276.6;3.75;1
32286.3;3.769;1
32296;3.449;1
32304.7;3.682;1
32316.8;3.646;1
32326.4;3.608;1
32335.9;3.573;1
32345.5;3.679;1
32356.2;3.618;1
32365.6;3.474;1
32376.5;3.807;1
32384.9;3.778;1
32395.8;3.696;1
32405.2;3.45;1
32416;3.424;1
32424.6;3.535;1
32435.2;3.422;1
32444.6;3.554;1
32455;3.453;1
32465.6;3.469;1
32476.4;3.452;1
32485.5;3.435;1
32496.1;3.512;1
32505.2;3.353;1
32515.6;3.401;1
32525.9;3.506;1
32536.8;3.766;1
32546.5;3.763;1
32554.7;3.44;1
32565.2;3.616;1
32574.7;3.582;1
32585.4;3.616;1
32594.5;3.415;1
32605;3.487;1
32615.5;3.515;1
32624.7;3.527;1
32635;3.493;1
32645.7;3.608;1
32655.4;3.573;1
32664.7;3.498;1
32676.6;3.586;1
32686;3.435;1
32695.8;3.592;1
32705.1;3.466;1
32714.4;3.41;1
32726;3.458;1
32736.4;3.403;1
32745.6;3.559;1
32756.4;3.488;1
32765.7;3.521;1
32776.5;3.502;1
32784.8;3.724;1
32795.8;3.629;1
32805.3;3.69;1
32815.9;3.432;1
32825.5;3.607;1
32836.2;3.534;1
32845.7;3.522;1
32855;3.455;1
32865.6;3.531;1
32876;3.181;1
32885;3.327;1
32896.4;3.322;1
32905.4;3.32;1
32914.6;3.36;1
32925.1;3.466;1
32934.5;3.473;1
32944.6;3.209;1
32955;3.38;1
32966.5;3.448;1
32974.5;3.351;1
32986;3.402;1
32995.1;3.359;1
33006.6;3.445;1
33014.7;3.413;1
33026.4;3.436;1
33035.6;3.529;1
33046.2;3.535;1
33055.3;3.352;1
33064.8;3.53;1
33075.7;3.591;1
33086.4;3.522;1
33096.2;3.838;1
33105.6;3.511;1
33116.4;3.672;1
33124.5;3.499;1
33135.1;3.412;1
33145.5;3.443;1
33154.7;3.503;1
33165.2;3.46;1
33174.6;3.533;1
33185;3.448;1
33195.5;3.473;1
33205.9;3.4;1
33215.2;3.445;1
33224.4;3.35;1
33235.9;3.453;1
33245.1;3.416;1
33255.4;3.382;1
33264.7;3.382;1
33274.7;3.3;1
33284.8;3.321;1
33296.2;3.308;1
33306.5;3.52;1
33314.5;3.371;1
33326.1;3.388;1
33334.8;1.981;1
33346.2;3.239;1
33356.2;3.238;1
33366.3;3.337;1
33376.4;3.37;1
33386;3.385;1
33394.9;3.28;1
33406.4;3.414;1
33415.5;3.347;1
33425.5;3.306;1
33434.4;3.286;1
33445.9;3.391;1
33454.9;3.298;1
33466.4;3.432;1
33476.7;3.504;1
33484.6;3.419;1
33494.9;3.296;1
33506.2;3.259;1
33516.6;3.42;1
33525.1;3.508;1
33536.1;3.756;1
33545.9;3.702;1
33555.3;3.359;1
33565.6;3.477;1
33576;3.412;1
33585.4;3.519;1
33596.3;3.579;1
33605.7;3.474;1
33615.4;3.439;1
33625.1;3.676;1
33635.9;3.598;1
33645.6;3.415;1
33655.9;3.477;1
33664.7;3.266;1
33676;3.165;1
33685;3.437;1
33695.3;3.348;1
33705.5;3.389;1
33716.3;3.525;1
33724.6;3.547;1
33735.3;3.463;1
33744.5;3.352;1
33754.9;3.421;1
33765.4;3.401;1
33775;3.482;1
33786.7;3.597;1
33796.3;3.581;1
33805.6;3.442;1
33815.9;3.354;1
33825;3.384;1
33836.6;3.376;1
33844.7;3.304;1
33855.1;3.397;1
33866.5;3.322;1
33874.8;3.696;1
33886.5;3.417;1
33894.7;3.463;1
33905.3;3.531;1
33916;3.457;1
33926.6;3.427;1
33934.8;3.473;1
33946.7;3.593;1
33954.8;3.428;1
33966.6;3.476;1
33974.8;3.574;1
33986.4;3.409;1
33995.7;3.448;1
34006.2;3.519;1
34015.7;3.487;1
34026.1;3.43;1
34035.6;3.524;1
34046.1;3.49;1
34055.4;3.439;1
34065.6;3.468;1
34076;3.344;1
34084.4;3.365;1
34095.8;3.28;1
34105.6;3.174;1
34115.9;3.369;1
34125.1;3.381;1
34135.3;3.233;1
34144.3;3.254;1
34155.8;3.256;1
34166;3.311;1
34175;3.259;1
34186.6;3.439;1
34194.3;3.26;1
34205.9;3.383;1
34215.1;3.365;1
34225.3;3.277;1
34235.5;3.302;1
34247.8;3.435;1
34254.4;3.378;1
34266.1;3.36;1
34275.3;3.385;1
34284.6;3.528;1
34296.2;3.489;1
34305.5;3.476;1
34315.9;3.325;1
34324.7;3.587;1
34336.6;3.388;1
34345.1;3.4;1
34354.6;3.443;1
34365.5;3.716;1
34376.2;3.513;1
34385.6;3.488;1
34396.4;3.534;1
34405.7;3.597;1
34415.2;3.58;1
34424.8;3.577;1
34436.7;3.47;1
34444.8;3.457;1
34456.3;3.374;1
34465.8;3.648;1
34475.4;3.588;1
34486;3.493;1
34496.6;3.365;1
34504.5;3.4;1
34515.8;3.342;1
34525.1;3.439;1
34535.5;3.436;1
34545.9;3.349;1
34555;3.36;1
34566.5;3.348;1
34574.5;3.329;1
34586;3.361;1
34595.2;3.406;1
34605.5;3.401;1
34615.9;3.387;1
34625.4;3.295;1
34635.7;3.412;1
34646.2;3.542;1
34655.5;3.464;1
34666.1;3.488;1
34675.5;3.567;1
34684.9;3.646;1
34695.5;3.414;1
34704.7;3.447;1
34715.3;3.508;1
34724.5;3.464;1
34735.2;3.453;1
34745.6;3.399;1
34756.1;3.438;1
34765.4;3.48;1
34774.5;3.36;1
34786.2;3.438;1
34795.2;3.394;1
34805.6;3.474;1
34816.1;3.494;1
34825.5;3.617;1
34835.1;3.562;1
34845.9;3.559;1
34855.4;3.604;1
34864.8;3.526;1
34876.8;3.607;1
34886.4;3.604;1
34894.6;3.498;1
34905.5;3.666;1
34916.3;3.586;1
34924.7;3.483;1
34936.6;3.59;1
34944.8;3.533;1
34956.4;3.446;1
34965.8;3.59;1
34975;3.447;1
34986.5;3.414;1
34995.6;3.421;1
35006;3.286;1
35015.5;3.375;1
35025.8;3.374;1
35034.8;3.323;1
35046.3;3.424;1
35055.6;3.451;1
35066.1;3.428;1
35075.4;3.467;1
35084.5;3.324;1
35094.9;3.323;1
35106.3;3.542;1
35115.9;3.383;1
35125;3.362;1
35136.5;3.331;1
35144.7;3.397;1
35156.4;3.429;1
35165.3;3.26;1
35194.8;2.807;1
35206.7;3.7;1
35215.9;3.418;1
35224.9;3.325;1
35236.3;3.379;1
35246.4;3.199;1
35255.4;3.426;1
35264.6;3.504;1
35275.3;3.506;1
35284.9;3.586;1
35296.6;3.383;1
35305.4;3.348;1
35314.4;3.333;1
35325.9;3.393;1
35335.4;3.5;1
35344.7;3.351;1
35356.6;3.646;1
35364.6;3.489;1
35375.1;3.376;1
35386.6;3.602;1
35394.5;3.298;1
35406.4;3.663;1
35414.4;3.342;1
35426.3;3.498;1
35435.8;3.674;1
35445;3.467;1
35455.6;3.25;1
35464.2;3.162;1
35475.1;3.128;1
35484.9;3.216;1
35496.3;3.336;1
35506.2;3.376;1
35516.3;3.369;1
35526.3;3.383;1
35536.3;3.464;1
35545.3;3.301;1
35555.1;3.223;1
35565.4;3.444;1
35574.3;3.283;1
35584.3;3.188;1
35595.4;3.28;1
35605.4;3.257;1
35615.8;3.531;1
35624.5;3.413;1
35636.2;3.157;1
35645.8;3.271;1
35655.8;3.343;1
35666.3;3.202;1
35675.3;3.261;1
35685.4;3.327;1
35694.3;3.286;1
35704.2;3.105;1
35715.5;3.295;1
35724.3;3.165;1
35734.2;3.162;1
35744.3;3.21;1
35755.7;3.231;1
35764.5;3.305;1
35775.7;3.158;1
35784.3;3.163;1
35795.9;3.318;1
35804.7;3.156;1
35816;3.212;1
35825.3;3.279;1
35835.4;3.231;1
35849.9;6.713;1
35855.9;3.092;1
35864.3;3.135;1
35875.2;3.061;1
35886.4;3.141;1
35894.9;3.085;1
35905.8;3.115;1
35915.4;3.032;1
35925.2;3.091;1
35936;3.004;1
35944.6;3.021;1
35955.6;3.113;1
35965.2;3.045;1
35976.2;3.098;1
35984.6;2.983;1
35994;2.983;1
36006.1;3.097;1
36015.6;3.101;1
36024.5;3.046;1
36034;2.925;1
36045.2;3.197;1
36056.2;3.15;1
36065.3;3.119;1
36076.4;3.224;1
36084.9;3.024;1
36095.5;2.869;1
36104.9;2.857;1
36114.6;3.08;1
36124.3;3.164;1
36134.3;3.152;1
36144.2;3.188;1
36155.3;3.14;1
36166.5;3.357;1
36175.2;3.251;1
36185;3.177;1
36194.9;3.269;1
36204.6;3.137;1
36215.6;3.101;1
36224.2;3.119;1
36234.3;3.201;1
36244.2;3.184;1
36254.2;3.143;1
36264.3;3.2;1
36274.3;3.308;1
36284.1;3.068;1
36295.1;3.112;1
36304.9;3.236;1
36314.7;3.171;1
36325.6;3.011;1
36334.1;3.049;1
36344.9;3.043;1
36354.6;3.049;1
36364.1;3.099;1
36375.1;3.073;1
36384.7;3.028;1
36395.5;3.06;1
36406.1;2.945;1
36414.5;3.052;1
36424.1;3.015;1
36434.7;2.868;1
36444.1;2.925;1
36454.9;3.074;1
36464.5;3.058;1
36474.1;2.997;1
36485;3.072;1
36494.6;3.009;1
36504;2.909;1
36514.8;2.965;1
36525.6;2.955;1
36535;2.955;1
36544.5;3.015;1
36555.1;2.923;1
36564.4;2.945;1
36575.3;3;1
36586.2;3.015;1
36594.5;2.978;1
36605.3;3.213;1
36616.6;3.384;1
36625.4;3.35;1
36634.3;3.186;1
36644.4;3.115;1
36654.9;3.795;1
36666.3;3.33;1
36676;3.085;1
36685.9;3.242;1
36694.7;3.339;1
36705.1;3.36;1
36714.9;3.229;1
36726.3;3.56;1
36735.6;3.411;1
36746;3.443;1
36755;3.332;1
36766.8;3.671;1
36776.1;3.504;1
36785.5;3.566;1
36794.9;3.403;1
36806.6;3.579;1
36814.6;3.554;1
36825.1;3.351;1
36834.4;3.34;1
36846;3.42;1
36855.2;3.422;1
36866.7;3.6;1
36874.5;3.293;1
36886.1;3.419;1
36895;3.292;1
36906.4;3.393;1
36916.5;3.516;1
36925.6;3.41;1
36936;3.513;1
36946.5;3.537;1
36954.4;3.313;1
36965.9;3.361;1
36975;3.37;1
36986.5;3.449;1
36994.8;3.347;1
37005.2;3.573;1
37015.9;3.568;1
37025.1;3.401;1
37036.5;3.341;1
37044.5;2.404;1
37056.1;3.493;1
37065.3;3.48;1
37074.4;3.218;1
37084.4;3.237;1
37094.3;3.244;1
37104.4;3.213;1
37115.6;3.401;1
37124.2;3.152;1
37134.5;3.47;1
37146.1;3.324;1
37155.1;3.25;1
37166.2;3.08;1
37175.1;3.215;1
37186.3;3.399;1
37196.2;3.434;1
37205;3.256;1
37216.4;3.35;1
37225.6;3.445;1
37235.8;3.437;1
37245.9;3.316;1
37254.7;3.249;1
37264.9;3.392;1
37276.3;3.421;1
37286.8;3.586;1
37296.7;3.671;1
37304.5;3.305;1
37314.8;3.322;1
37326.3;3.451;1
37335.4;3.361;1
37344.5;3.369;1
37355.8;3.216;1
37365.3;3.473;1
37374.4;3.368;1
37384.6;3.373;1
37395.1;3.398;1
37406.5;3.343;1
37414.4;3.228;1
37424.5;3.308;1
37436;3.523;1
37446.2;3.474;1
37455.3;3.33;1
37465.4;3.344;1
37474.4;3.308;1
37484.6;3.401;1
37494.8;3.236;1
37506.2;3.334;1
37516.5;3.362;1
37525.6;3.335;1
37535.8;3.224;1
37545.2;3.534;1
37554.5;3.478;1
37565;3.427;1
37576.6;3.464;1
37584.5;3.276;1
37595.8;3.344;1
37605;3.535;1
37615.4;3.399;1
37626.1;3.583;1
37636.8;3.646;1
37646.1;3.397;1
37655.2;3.427;1
37667.1;4.327;1
37676.6;3.493;1
37685.7;4.052;1
37696.2;3.248;1
37706.7;3.686;1
37715.9;3.35;1
37725.3;3.515;1
37734.8;3.57;1
37746.7;3.609;1
37755.1;3.596;1
37765.5;3.442;1
37774.7;3.447;1
37785;3.457;1
37795.7;3.62;1
37806.1;3.537;1
37816.8;3.731;1
37826.1;3.391;1
37835.2;3.334;1
37844.3;3.283;1
37854.5;3.318;1
37865.9;3.242;1
37874.7;3.227;1
37885;3.409;1
37895.6;3.45;1
37904.3;3.182;1
37914.4;3.298;1
37925.7;3.249;1
37936;3.357;1
37945.4;3.482;1
37954.8;3.485;1
37966.4;3.399;1
37975.3;3.26;1
37985.5;3.421;1
37994.2;3.144;1
38005.4;3.191;1
38014.5;3.277;1
38025.7;3.177;1
38036;3.329;1
38045.1;3.392;1
38055.6;3.334;1
38064.2;3.162;1
38074.2;3.169;1
38084.4;3.253;1
38094.4;3.301;1
38105.8;3.27;1
38115.6;3.065;1
38124.2;3.132;1
38134.4;3.245;1
38145.8;3.164;1
38155.1;3.211;1
38165.5;3.514;1
38174.4;3.307;1
38185.7;3.285;1
38194.7;2.136;1
38205.8;3.27;1
38215.9;3.218;1
38224.9;3.324;1
38236.2;3.282;1
38246.2;3.241;1
38255.2;2.205;1
38265.4;3.235;1
38274.5;3.322;1
38286.1;3.367;1
38294.6;3.513;1
38305.4;3.453;1
38314.7;3.444;1
38325.3;3.504;1
38334.5;3.382;1
38346.4;3.483;1
38354.4;2.212;1
38366;3.441;1
38375.4;3.468;1
38384.6;3.397;1
38395.2;3.379;1
38405.4;3.211;1
38415.9;3.272;1
38425.2;3.386;1
38435.5;3.409;1
38444.6;3.43;1
38455.1;3.383;1
38465.5;3.384;1
38475.9;3.467;1
38485;3.297;1
38496.7;3.495;1
38504.6;3.309;1
38515.2;3.45;1
38524.5;3.473;1
38535;3.432;1
38545.7;3.564;1
38554.9;2.247;1
38566.9;3.632;1
38576;3.327;1
38584.4;3.405;1
38596.6;3.678;1
38604.5;3.39;1
38616.1;3.375;1
38625.2;3.363;1
38634.5;3.407;1
38644.9;3.321;1
38656.7;3.664;1
38666.1;3.491;1
38676;3.344;1
38685;3.366;1
38697.6;4.571;1
38705.2;3.095;1
38714.4;3.306;1
38724.5;3.336;1
38736;3.427;1
38745.2;3.397;1
38755.4;3.325;1
38764.5;3.297;1
38774.8;3.361;1
38784.9;3.279;1
38795.5;3.426;1
38804.6;3.518;1
38814.9;3.325;1
38825.4;3.356;1
38834.5;3.32;1
38845.8;3.32;1
38854.9;3.312;1
38866.4;3.426;1
38875.3;3.292;1
38885.5;3.273;1
38895.1;2.415;1
38905.1;3.271;1
38915.4;3.453;1
38924.5;3.285;1
38936.1;3.409;1
38945.2;3.378;1
38956.4;3.428;1
38965.8;3.445;1
38974.8;3.396;1
38984.8;3.26;1
38996.3;3.422;1
39006.3;3.292;1
39015.2;3.338;1
39025.5;3.35;1
39034.4;3.308;1
39045.8;3.372;1
39055.9;3.411;1
39065.2;3.424;1
39075.5;3.314;1
39084.6;3.403;1
39094.8;3.367;1
39105.8;3.327;1
39116;3.245;1
39125.4;3.833;1
39134.5;3.317;1
39146.1;3.38;1
39155.3;3.375;1
39165.6;3.5;1
39176.6;3.46;1
39184.7;3.288;1
39194.4;2.305;1
39205.9;3.462;1
39215;3.497;1
39226.6;3.499;1
39234.3;3.271;1
39244.7;3.374;1
39256.2;3.378;1
39266.3;3.412;1
39276.7;3.541;1
39284.6;3.412;1
39295.4;3.774;1
39304.9;3.513;1
39317;3.878;1
39325.6;3.812;1
39336.4;3.617;1
39345.7;3.454;1
39356.3;3.478;1
39365.5;3.461;1
39375.9;3.295;1
39385.1;3.367;1
39395.6;3.475;1
39406;3.409;1
39415.3;3.476;1
39424.5;3.403;1
39435;2.183;1
39446.5;3.462;1
39455;3.738;1
39465.3;3.478;1
39475.7;3.492;1
39484.9;2.231;1
39496.5;3.41;1
39505.4;3.341;1
39514.3;3.229;1
39524.5;3.443;1
39534.9;3.397;1
39546.4;3.441;1
39555.5;3.399;1
39565.8;3.356;1
39575;3.428;1
39586.5;3.554;1
39595.6;3.365;1
39605.9;3.443;1
39615;3.3;1
39626.5;3.583;1
39635.6;3.361;1
39645.8;3.386;1
39654.8;3.366;1
39664.9;3.334;1
39676.5;3.468;1
39685.1;3.104;1
39695.2;3.357;1
39705.6;3.444;1
39714.3;3.233;1
39724.4;3.345;1
39736.2;3.662;1
39745.1;3.442;1
39756.7;3.558;1
39765.7;3.257;1
39774.3;3.176;1
39784.7;3.46;1
39795.3;3.587;1
39806.1;3.615;1
39816.7;3.578;1
39824.6;3.393;1
39836;3.374;1
39845;3.273;1
39854.3;3.209;1
39864.4;3.328;1
39875.8;3.44;1
39885.1;3.379;1
39895.6;3.528;1
39905.7;3.232;1
39915.7;3.114;1
39925.7;3.278;1
39935.9;3.27;1
39945;3.295;1
39955.3;3.277;1
39965.4;3.255;1
39974.3;3.311;1
39985.8;3.32;1
39996.1;3.357;1
40005.4;3.238;1
40014.4;3.279;1
40025.6;3.079;1
40036.3;3.322;1
40046.7;3.471;1
40054.6;3.358;1
40066;3.358;1
40075.1;3.334;1
40085.4;3.381;1
40094.5;3.404;1
40105.2;3.461;1
40114.7;3.613;1
40124.9;3.347;1
40136.4;3.515;1
40145.7;3.558;1
40156.2;3.465;1
40166.5;3.495;1
40203;2.552;1
40203.3;2.758;1
40203.4;2.873;1
40203.6;3.048;1
40216.3;3.441;1
40225.5;3.441;1
40235.3;3.308;1
40246.3;3.245;1
40255.2;3.234;1
40265.2;3.434;1
40276.4;3.234;1
40285.3;3.146;1
40295.6;3.521;1
40306.6;3.704;1
40314.5;3.391;1
40326;3.414;1
40334.9;3.267;1
40346.3;3.394;1
40356.5;3.31;1
40365.8;3.33;1
40375.1;3.4;1
40385.6;3.535;1
40396;3.488;1
40405.2;3.264;1
40414.2;2.08;1
40424.7;3.438;1
40435;3.315;1
40446.5;3.3;1
40456.3;3.465;1
40466.4;3.332;1
40474.5;3.283;1
40486.1;3.452;1
40495.3;3.363;1
40505.5;3.402;1
40514.4;3.258;1
40524.6;3.378;1
40534.8;3.305;1
40545;3.455;1
40555.6;3.403;1
40565.8;3.21;1
40575.3;3.378;1
40585.4;3.322;1
40594.4;3.278;1
40605.9;3.363;1
40614.8;3.255;1
40626.3;3.383;1
40636.5;3.512;1
40646.4;3.283;1
40655.8;3.3;1
40665.1;3.274;1
40675.2;3.224;1
40685.2;3.248;1
40695.2;2.941;1
40706.1;3.273;1
40715;3.479;1
40726.3;3.341;1
40735.5;3.386;1
40744.5;3.477;1
40754.8;3.309;1
40765;3.277;1
40776.5;3.357;1
40785.3;3.237;1
40795.6;3.399;1
40805.7;3.247;1
40814.4;3.261;1
40824.3;3.2;1
40834.2;3.151;1
40845.4;3.232;1
40854.3;3.169;1
40864.4;3.256;1
40874.1;3.028;1
40885.2;3.365;1
40895.3;3.323;1
40905.4;3.3;1
40914.5;3.264;1
40924.4;3.285;1
40935.9;3.412;1
40945.6;3.021;1
40955.9;3.349;1
40966.9;3.695;1
40975.7;3.227;1
40985.7;3.248;1
40994.8;3.373;1
41006.6;3.37;1
41014.7;3.52;1
41026.6;3.389;1
41034.5;3.33;1
41045.2;3.548;1
41054.6;3.401;1
41065.2;3.472;1
41074.6;3.513;1
41085.2;3.524;1
41094.5;3.446;1
41106;3.48;1
41115.9;3.726;1
41125.1;3.353;1
41136.7;3.412;1
41146;3.253;1
41154.9;3.448;1
41164.8;3.165;1
41176.2;3.32;1
41185;3.35;1
41196.1;3.147;1
41206.2;3.244;1
41214.8;3.263;1
41226.5;3.377;1
41235.6;3.397;1
41244.6;3.417;1
41256;3.321;1
41264.6;3.484;1
41275;3.349;1
41286.5;3.441;1
41295.6;3.443;1
41305.9;3.324;1
41315.5;3.402;1
41325.9;3.316;1
41335.2;3.682;1
41345.5;3.336;1
41355.9;3.351;1
41365.3;3.448;1
41375.2;4.166;1
41385.4;3.251;1
41395.6;3.344;1
41404.7;2.202;1
41416.3;3.406;1
41426.5;3.309;1
41434.8;3.317;1
41445.5;3.417;1
41455.9;3.26;1
41464.9;3.26;1
41476.8;3.646;1
41486.5;3.66;1
41494.5;3.408;1
41505;3.496;1
41515.5;3.423;1
41525.9;3.421;1
41534.9;3.348;1
41546.8;3.634;1
41556.3;3.548;1
41565.4;3.358;1
41574.4;3.305;1
41586;3.323;1
41595.3;3.306;1
41604.6;3.417;1
41615;3.43;1
41626.5;3.391;1
41634.5;3.485;1
41646.2;3.504;1
41655.5;3.36;1
41664.6;3.492;1
41674.9;3.353;1
41686.6;3.389;1
41694.3;3.281;1
41706;3.465;1
41714.6;3.306;1
41725.1;3.592;1
41736.2;3.264;1
41744.8;3.299;1
41756.4;3.358;1
41765.2;3.216;1
41775.2;3.283;1
41785.2;3.268;1
41795.3;3.331;1
41804.5;3.423;1
41814.8;3.343;1
41826.7;3.64;1
41835.9;3.381;1
41844.9;3.36;1
41856.5;3.446;1
41864.5;3.269;1
41875.8;3.184;1
41886.5;3.507;1
41894.7;3.542;1
41904.9;3.309;1
41916.3;3.348;1
41926.5;3.465;1
41934.5;3.333;1
41946.1;3.337;1
41955.1;3.355;1
41965.1;3.301;1
41975.4;3.311;1
41984.4;3.332;1
41995.9;3.31;1
42005.4;3.463;1
42014.7;3.445;1
42024.8;3.311;1
42035.4;2.113;1
42044.6;3.423;1
42055.1;3.534;1
42065.6;3.468;1
42076.4;3.58;1
42084.8;3.687;1
42096.6;3.401;1
42104.9;3.465;1
42115.4;3.433;1
42124.8;3.451;1
42136.6;3.531;1
42145.8;3.352;1
42154.9;3.334;1
42166.7;3.55;1
42174.8;3.612;1
42186.5;3.44;1
42195.6;3.389;1
42205.7;3.331;1
42214.8;3.357;1
42226.4;3.508;1
42235.7;3.443;1
42245.9;3.267;1
42254.9;3.306;1
42266.7;3.598;1
42274.9;3.519;1
42286.6;3.413;1
42294.6;3.326;1
42305.1;3.38;1
42315.3;3.288;1
42324.4;3.393;1
42336.3;3.505;1
42345.4;3.33;1
42354.6;3.398;1
42366;3.378;1
42375.3;3.412;1
42384.7;3.628;1
42396.6;3.501;1
42404.7;3.374;1
42414.9;3.349;1
42426.4;3.353;1
42434.5;3.449;1
42445.9;3.228;1
42454.2;2.146;1
42464.5;3.355;1
42475;3.399;1
42486.7;3.528;1
42494.7;3.453;1
42505.1;3.436;1
42515.6;3.413;1
42525.9;3.307;1
42535.4;3.329;1
42545.9;3.359;1
42555.3;3.525;1
42564.7;3.557;1
42576.5;3.524;1
42585.6;3.438;1
42596.2;3.464;1
42605.3;3.477;1
42616;3.483;1
42625.2;3.464;1
42634.6;3.459;1
42645.5;3.708;1
42656.2;3.544;1
42665.7;3.58;1
42675.1;3.51;1
42685.9;3.615;1
42695.1;3.41;1
42705.6;3.42;1
42716.3;3.526;1
42725.7;3.422;1
42736.4;3.662;1
42745.9;3.681;1
42755.1;3.49;1
42765.7;3.5;1
42775.2;3.542;1
42786;3.437;1
42795.6;3.59;1
42806.6;3.699;1
42816.1;3.566;1
42824.6;3.498;1
42835.2;3.394;1
42845.7;3.438;1
42856.3;3.489;1
42864.4;3.387;1
42876.2;3.499;1
42885.5;3.427;1
42896;3.377;1
42905.3;3.413;1
42914.6;3.472;1
42925;3.445;1
42935.6;3.54;1
42946;3.417;1
42955.3;3.374;1
42964.3;3.301;1
42974.7;3.417;1
42985.1;3.373;1
42996.5;3.465;1
43004.5;3.412;1
43016.2;3.438;1
43025.4;3.394;1
43034.5;3.417;1
43045.1;3.611;1
43055.6;3.45;1
43065.8;3.301;1
43075;3.367;1
43086.8;3.612;1
43095.1;3.467;1
43104.5;3.428;1
43116.4;3.518;1
43126.6;3.344;1
43134.6;3.549;1
43146.1;3.495;1
43155.3;3.315;1
43165.6;3.376;1
43176;3.459;1
43185.5;3.52;1
43194.4;3.185;1
43204.5;3.357;1
43216.2;3.456;1
43225.4;3.418;1
43234.5;3.278;1
43246.1;3.389;1
43254.5;3.421;1
43265.1;3.55;1
43275.7;3.534;1
43286.2;3.467;1
43295.6;3.423;1
43306.1;3.384;1
43315.6;3.476;1
43325.9;3.371;1
43335.3;3.417;1
43344.4;3.315;1
43355.9;3.339;1
43364.9;3.298;1
43375.1;2.126;1
43386.5;3.381;1
43394.4;3.308;1
43405.8;3.29;1
43414.8;3.34;1
43426.4;3.455;1
43436.6;3.411;1
43444.3;3.3;1
43454.5;3.353;1
43466.1;3.533;1
43475.5;3.526;1
43486.1;3.356;1
43495.5;3.371;1
43505.9;3.368;1
43515;3.342;1
43526.4;3.257;1
43536.1;3.594;1
43545.5;3.523;1
43554.8;3.472;1
43566.5;3.427;1
43574.4;3.376;1
43585.9;3.299;1
43594.9;3.352;1
43606.2;3.331;1
43616.7;3.68;1
43624.7;3.427;1
43636.5;3.525;1
43644.6;3.534;1
43654.9;3.277;1
43664.5;3.065;1
43679;6.333;1
43685.7;3.504;1
43696.4;3.539;1
43705.5;3.349;1
43714.5;3.328;1
43724.7;2.196;1
43736.6;3.614;1
43744.4;3.355;1
43754.8;3.347;1
43766;3.322;1
43774.9;3.24;1
43786.3;3.428;1
43796.4;3.511;1
43804.4;3.353;1
43814.4;3.284;1
43826;3.498;1
43835.4;3.411;1
43844.3;3.31;1
43856.1;3.478;1
43865.4;3.45;1
43875.6;3.458;1
43884.6;3.343;1
43894.8;3.229;1
43904.9;3.251;1
43916.4;3.431;1
43925.3;3.291;1
43935.2;3.139;1
43946.8;3.599;1
43958.8;6.207;1
43964.9;3.23;1
43976.5;3.451;1
43985.5;3.379;1
43994.3;3.181;1
44004.3;3.239;1
44014.4;3.253;1
44024.4;3.258;1
44035.7;3.254;1
44045.8;3.279;1
44055.7;3.314;1
44065.9;3.237;1
44074.8;3.321;1
44086.3;3.313;1
44096.3;3.402;1
44106.3;3.378;1
44116.4;3.487;1
44126.1;4.064;1
44134.6;3.158;1
44144.8;3.111;1
44156.4;3.255;1
44165.3;3.31;1
44174.4;2.03;1
44186.1;3.226;1
44194.4;3.229;1
44206.3;3.413;1
44214.6;3.19;1
44225.6;3.148;1
44235.5;3.091;1
44244.2;3.141;1
44255.2;3.128;1
44266.2;3.275;1
44274.9;3.164;1
44285.8;3.167;1
44295.6;3.014;1
44304.1;3.051;1
44314.8;3.061;1
44324.6;3.047;1
44334.2;3.063;1
44345.1;3.084;1
44355.8;2.982;1
44364.4;2.017;1
44374.3;3.265;1
44385.2;3.062;1
44396.4;3.272;1
44405.2;3.35;1
44415.1;3.181;1
44424.8;3.275;1
44434.7;3.302;1
44444.5;3.137;1
44455.6;3.2;1
44464.6;3.349;1
44475.8;3.165;1
44485.1;3.24;1
44495;3.176;1
44504.8;3.218;1
44514.7;3.218;1
44525.8;3.293;1
44535.2;3.302;1
44545.3;3.337;1
44555.3;3.187;1
44565.4;3.272;1
44575.4;3.264;1
44585.2;3.162;1
44595.3;3.215;1
44605.2;3.141;1
44616.7;3.516;1
44625.8;3.289;1
44635.8;3.235;1
44645.7;3.259;1
44655.7;3.247;1
44664.3;3.201;1
44674.3;3.144;1
44684.3;3.222;1
44694.3;3.187;1
44705.2;3.126;1
44716.4;3.243;1
44725;3.083;1
44735;3.199;1
44744.9;3.191;1
44756.2;3.271;1
44764.9;2.025;1
44774.8;3.152;1
44784.7;1.985;1
44795.7;3.06;1
44804.1;3.09;1
44815.1;3.14;1
44826.3;3.299;1
44834.6;3.194;1
44845.7;3.229;1
44855.7;3.212;1
44865.7;3.157;1
44876.2;3.374;1
44886.4;3.423;1
44896.2;3.065;1
44905;3.216;1
44915.1;3.257;1
44925.2;3.284;1
44935.5;3.42;1
44944.5;3.384;1
44954.8;3.346;1
44966.2;3.364;1
44975.2;3.352;1
44985.5;3.316;1
44994.5;3.344;1
45004.6;3.377;1
45014.8;3.327;1
45026.2;3.427;1
45035;3.204;1
45046.3;3.353;1
45056.4;3.431;1
45064.5;3.414;1
45075.8;3.382;1
45084.7;3.211;1
45094.8;3.289;1
45104.8;3.262;1
45116.1;3.326;1
45126.3;3.459;1
45136.4;3.33;1
45145.2;3.139;1
45156.4;3.215;1
45164.3;3.283;1
45176;3.592;1
45186.5;3.496;1
45207.8;2.647;1
45207.9;2.716;1
45228.1;16.953;1
45228.2;7.142;1
45236.4;3.555;1
45246.5;3.325;1
45254.5;3.293;1
45266;3.441;1
45275.3;3.381;1
45284.4;3.359;1
45295.8;3.331;1
45306;3.396;1
45315.3;3.398;1
45325.6;3.406;1
45334.5;3.337;1
45344.8;3.218;1
45356.5;3.447;1
45364.4;3.363;1
45375.9;3.432;1
45384.9;3.343;1
45396.4;3.421;1
45406.4;3.263;1
45414.4;3.304;1
45425.7;3.184;1
45435.9;3.314;1
45445.2;3.301;1
45455.5;3.341;1
45464.6;3.366;1
45474.7;3.225;1
45485;3.292;1
45496.4;3.288;1
45505.4;3.287;1
45514.3;3.237;1
45525.7;3.554;1
45535.8;3.431;1
45544.7;3.181;1
45554.9;3.379;1
45566.2;3.361;1
45575.1;3.3;1
45585.1;2.126;1
45596.6;3.552;1
45604.5;3.388;1
45615;3.505;1
45625.7;3.542;1
45635;3.375;1
45646.1;3.255;1
45656.2;3.259;1
45664.7;3.223;1
45675.7;3.16;1
45686.2;3.285;1
45695.3;3.23;1
45705.3;3.294;1
45714.1;3.139;1
45725.3;3.251;1
45735.2;3.089;1
45746.6;3.442;1
45755.9;3.342;1
45765.1;3.307;1
45775.4;3.392;1
45784.3;2.081;1
45795.8;3.348;1
45805.9;3.319;1
45814.4;3.343;1
45826;3.408;1
45835;3.229;1
45845.4;3.381;1
45854.5;3.346;1
45864.8;3.373;1
45876.5;3.406;1
45885.7;3.427;1
45896;3.315;1
45905.6;3.446;1
45916.5;3.621;1
45925.7;3.389;1
45934.8;3.321;1
45944.8;3.239;1
45956.3;3.38;1
45966.3;3.336;1
45976.6;3.377;1
45985.4;3.285;1
45995.3;3.239;1
46004.5;3.316;1
46015.8;3.11;1
46025.4;3.516;1
46034.6;3.565;1
46045;3.344;1
46056.4;3.388;1
46065.4;3.373;1
46074.5;3.382;1
46086;3.262;1
46095.5;3.384;1
46104.6;3.397;1
46114.9;3.341;1
46126.2;3.183;1
46135.6;3.433;1
46145.9;3.29;1
46155.1;3.372;1
46165.5;3.411;1
46176.1;3.519;1
46185.6;3.42;1
46196;3.432;1
46206.4;3.542;1
46215.6;3.414;1
46226;3.414;1
46235.3;3.431;1
46244.5;3.399;1
46255.9;3.277;1
46265.3;3.333;1
46274.8;3.487;1
46286.5;3.452;1
46294.5;3.402;1
46304.9;3.363;1
46316.5;3.37;1
46325.6;3.415;1
46335.9;3.373;1
46345;3.339;1
46356.4;3.219;1
46365.7;3.278;1
46375.9;3.39;1
46384.9;3.309;1
46396.4;3.356;1
46405.6;3.537;1
46415.9;3.273;1
46425.4;3.4;1
46434.6;3.464;1
46444.8;3.335;1
46456.5;3.457;1
46465.5;3.383;1
